crash_id,county,region,highway_name,highway_class,intersection_rel,special_feature_1,special_feature_2,severity_level,visual_injured_num,fatal_num,suspected_serious_injured_num,non_incapacitated_injured_num,possibly_injured_num,crash_type,main_crash_type,latitude,longitude,year,date,time,number_of_vehicles,number_of_commercial_vehicles,work_zone,railroad_crossing,alcohol,drug,Alcohol or Drug,weather_condition,lighting_condition,road_condition,manner_of_collision,pedestrians_num,roadway_departure,cross_centerline,hit_and_run,emergency_vehicle_use,unit_type,vehicle_type,age,sex,driver_of_vehicle,injury_severity,person_condition,restraint_use,older_driver,teen_driver,Sleepy/Ill/Dizzy Driver,unsafe_unlaw_category,unsafe_unlaw_desc,Abnormal Traffic Control,Alcohol-DUI/DWI,Animal in Roadway,Apparently Sleepy,Avoiding Other Vehicle,Avoiding Pedestrian,Changed Lanes Unsafely,Deer in Roadway,Defect in Roadway,Disregarded Warning Signal,Domestic Animal in Roadway,Drug-DUI,Failed to Secure Load,Failed to Signal,Failed to Stop,Failed to Yield,Followed too Closely,Improper Backing,Improper Bicyclist Action,Improper Overtaking,Improper Parking,Improper Start From,Improper Turn,Improper Use of Lane,Distraction,Left of Center,No Improper Action by Driver,Object/Debris in Roadway,Other Improper Act/Movement,Pedestrian Action,Stopped in Traffic Lane,Speeding,Unsafe Vehicle,Wrong Way,Bad Weather,Bad Lighting,Bad Road Condition
190433116,Washington,northern,US-75,US Route,0,10.0,0.0,possible_injury,0.0,0,0.0,0.0,1.0,F-O GUARDRL-FACE,FIXED-OBJECT,36.9345561,-95.9176402,2019,2019-02-06,6.0,1,0,N,       ,N,N,0,Sleet/Hail/Freezing Rain,Dark / Unlighted,3.0,20,0,Roadway Departure Right,0,N,0.0,D,4.0,51.0,M,Y,2.0,Apparently Normal,4.0,0,0,0,Unsafe Speed,For Ice or Snow on Roadway,0,0,0,0,0,0,0,0,0,0,0,0,0,0,0,0,0,0,0,0,0,0,0,0,0,0,0,0,0,0,0,1,0,0,1,1,1
190433117,Washington,northern,US-75,US Route,0,10.0,0.0,property_damage,0.0,0,0.0,0.0,0.0,F-O GUARDRL-FACE,FIXED-OBJECT,36.9345561,-95.9176402,2019,2019-02-06,6.2,1,0,N,       ,N,N,0,Sleet/Hail/Freezing Rain,Dark / Unlighted,3.0,19,0,Roadway Departure Right,0,N,0.0,D,4.0,30.0,M,Y,1.0,Apparently Normal,4.0,0,0,0,Unsafe Speed,For Ice or Snow on Roadway,0,0,0,0,0,0,0,0,0,0,0,0,0,0,0,0,0,0,0,0,0,0,0,0,0,0,0,0,0,0,0,1,0,0,1,1,1
190442184,Tulsa,northern,US-169,US Route,0,1.0,0.0,property_damage,0.0,0,0.0,0.0,0.0,REAR-END,REAR-END,36.267895,-95.8479756,2019,2019-02-02,13.15,2,0,N,       ,N,N,0,Rain,Daylight,2.0,4,0,No Roadway Departure,0,N,0.0,D,4.0,73.0,M,Y,1.0,Apparently Normal,4.0,1,0,0,Followed too Closely,Weather Condition,0,0,0,0,0,0,0,0,0,0,0,0,0,0,0,0,1,0,0,0,0,0,0,0,0,0,0,0,0,0,0,0,0,0,1,0,0
190442202,Washington,northern,US-75,US Route,0,0.0,0.0,property_damage,0.0,0,0.0,0.0,0.0,SIDESWIPE-SAME,SIDESWIPE-SAME,36.6940943,-95.935159,2019,2019-02-06,6.12,2,0,N,       ,N,N,0,Sleet/Hail/Freezing Rain,Dark / Unlighted,2.0,16,0,No Roadway Departure,0,Y,0.0,D,4.0,0.0,9,Y,1.0,Unknown,99.0,0,0,0,Other Improper Act/Movement,Other,0,0,0,0,0,0,0,0,0,0,0,0,0,0,0,0,0,0,0,0,0,0,0,0,0,0,0,0,1,0,0,0,0,0,1,1,0
190451963,Mayes,northern,SH-82,State Highway,1,0.0,0.0,property_damage,0.0,0,0.0,0.0,0.0,RIGHT-ANGLE,RIGHT-ANGLE,36.19995399,-95.1590458,2019,2019-02-05,17.15,2,0,N,       ,N,N,0,Rain,Daylight,2.0,1,0,Fixed Object,0,N,1.0,D,2.0,45.0,M,Y,1.0,Apparently Normal,4.0,0,0,0,Failed to Stop,For Traffic Signal,0,0,0,0,0,0,0,0,0,0,0,0,0,0,1,0,0,0,0,0,0,0,0,0,0,0,0,0,0,0,0,0,0,0,1,0,0
190500643,Sequoyah,southern,,City Street,1,99.0,80.0,property_damage,0.0,0,0.0,0.0,0.0,RIGHT-ANGLE,RIGHT-ANGLE,35.4576725,-94.786999,2019,2019-01-03,14.55,1,0,N,       ,N,N,0,Rain,Daylight,2.0,1,1,No Roadway Departure,0,N,0.0,D,23.0,38.0,F,Y,1.0,Apparently Normal,4.0,0,0,0,No Improper Action by Driver,No Improper Action by Driver,0,0,0,0,0,0,0,0,0,0,0,0,0,0,0,0,0,0,0,0,0,0,0,0,0,0,1,0,0,0,0,0,0,0,1,0,0
190500645,Sequoyah,southern,,City Street,1,99.0,80.0,property_damage,0.0,0,0.0,0.0,0.0,REAR-END,REAR-END,35.459804,-94.784743,2019,2019-01-11,18.3,2,0,N,       ,N,N,0,Rain,Dark / Lighted,2.0,4,0,No Roadway Departure,0,N,0.0,D,4.0,0.0,M,Y,1.0,"Emotional (depressed, angry, disturbed, etc.)",4.0,0,0,0,Improper Parking,On Roadway,0,0,0,0,0,0,0,0,0,0,0,0,0,0,0,0,0,0,0,0,1,0,0,0,0,0,0,0,0,0,0,0,0,0,1,0,0
190500646,Sequoyah,southern,,City Street,1,76.0,0.0,property_damage,0.0,0,0.0,0.0,0.0,HEAD-ON,HEAD-ON,35.459674,-94.787169,2019,2019-01-11,21.03,2,0,N,       ,N,N,0,Rain,Dark / Unlighted,2.0,18,0,No Roadway Departure,0,N,9.0,D,1.0,54.0,F,Y,1.0,Unknown,99.0,0,0,0,No Improper Action by Driver,No Improper Action by Driver,0,0,0,0,0,0,0,0,0,0,0,0,0,0,0,0,0,0,0,0,0,0,0,0,0,0,1,0,0,0,0,0,0,0,1,1,0
190500652,Sequoyah,southern,US-59,US Route,1,0.0,0.0,property_damage,0.0,0,0.0,0.0,0.0,REAR-END,REAR-END,35.457243,-94.8071775,2019,2019-01-22,15.3,2,0,N,       ,N,N,0,Rain,Daylight,2.0,4,0,No Roadway Departure,0,N,0.0,D,2.0,47.0,F,Y,1.0,Unknown,99.0,0,0,0,Followed too Closely,Weather Condition,0,0,0,0,0,0,0,0,0,0,0,0,0,0,0,0,1,0,0,0,0,0,0,0,0,0,0,0,0,0,0,0,0,0,1,0,0
190500714,Mayes,northern,US-69,US Route,0,0.0,0.0,property_damage,0.0,0,0.0,0.0,0.0,F-O TRAFF-SIGN,FIXED-OBJECT,36.2800923,-95.3289465,2019,2019-02-05,16.48,1,0,N,       ,N,N,0,Rain,Daylight,2.0,19,0,Roadway Departure Right,1,N,0.0,D,1.0,21.0,M,Y,1.0,Apparently Normal,4.0,0,0,0,Inattention,Other,0,0,0,0,0,0,0,0,0,0,0,0,0,0,0,0,0,0,0,0,0,0,0,0,1,0,0,0,0,0,0,0,0,0,1,0,0
190560884,Craig,northern,SH-2,State Highway,1,0.0,5.0,possible_injury,0.0,0,0.0,0.0,1.0,RIGHT-ANGLE,RIGHT-ANGLE,36.6437909,-95.1515581,2019,2019-02-15,19.13,2,1,Y,       ,N,N,0,Sleet/Hail/Freezing Rain,Dark / Lighted,3.0,1,0,No Roadway Departure,0,N,0.0,D,4.0,19.0,M,Y,2.0,Apparently Normal,4.0,0,1,0,Unsafe Speed,For Ice or Snow on Roadway,0,0,0,0,0,0,0,0,0,0,0,0,0,0,0,0,0,0,0,0,0,0,0,0,0,0,0,0,0,0,0,1,0,0,1,0,1
190560885,Craig,northern,US-60,US Route,1,0.0,0.0,property_damage,0.0,0,0.0,0.0,0.0,RIGHT-ANGLE,RIGHT-ANGLE,36.6388027,-95.1544676,2019,2019-02-06,19.08,2,1,N,       ,N,N,0,Rain,Dark / Lighted,2.0,1,0,No Roadway Departure,0,N,0.0,D,5.0,28.0,M,Y,1.0,Apparently Normal,4.0,0,0,0,Failed to Stop,For Traffic Signal,0,0,0,0,0,0,0,0,0,0,0,0,0,0,1,0,0,0,0,0,0,0,0,0,0,0,0,0,0,0,0,0,0,0,1,0,0
190561113,Rogers,northern,I-44,Turnpike Interstate,1,0.0,0.0,property_damage,0.0,0,0.0,0.0,0.0,ANGLE-TURNING,ANGLE-TURNING,36.3000755,-95.5936307,2019,2019-01-05,16.49,2,0,N,       ,N,N,0,Rain,Dark / Lighted,2.0,13,0,No Roadway Departure,0,N,0.0,D,2.0,26.0,M,Y,1.0,Apparently Normal,4.0,0,0,0,No Improper Action by Driver,No Improper Action by Driver,0,0,0,0,0,0,0,0,0,0,0,0,0,0,0,0,0,0,0,0,0,0,0,0,0,0,1,0,0,0,0,0,0,0,1,0,0
190561120,Rogers,northern,SH-20,State Highway,1,0.0,0.0,property_damage,0.0,0,0.0,0.0,0.0,REAR-END,REAR-END,36.3095482,-95.6326837,2019,2019-01-11,15.01,2,0,N,       ,N,N,0,Rain,Daylight,2.0,2,0,No Roadway Departure,0,N,0.0,D,2.0,51.0,F,Y,1.0,Apparently Normal,4.0,0,0,0,Followed too Closely,Weather Condition,0,0,0,0,0,0,0,0,0,0,0,0,0,0,0,0,1,0,0,0,0,0,0,0,0,0,0,0,0,0,0,0,0,0,1,0,0
190561121,Rogers,northern,SH-20,State Highway,1,0.0,0.0,property_damage,0.0,0,0.0,0.0,0.0,REAR-END,REAR-END,36.3127402,-95.6326832,2019,2019-01-11,12.5,2,0,N,       ,N,N,0,Rain,Daylight,2.0,2,0,Roadway Departure Right,0,N,0.0,D,2.0,67.0,F,Y,1.0,Apparently Normal,4.0,1,0,0,No Improper Action by Driver,No Improper Action by Driver,0,0,0,0,0,0,0,0,0,0,0,0,0,0,0,0,0,0,0,0,0,0,0,0,0,0,1,0,0,0,0,0,0,0,1,0,0
190561122,Rogers,northern,SH-66,State Highway,0,0.0,0.0,property_damage,0.0,0,0.0,0.0,0.0,REAR-END,REAR-END,36.3351118,-95.602812,2019,2019-01-11,15.41,2,0,N,       ,N,N,0,Rain,Daylight,2.0,2,0,No Roadway Departure,0,N,0.0,D,2.0,35.0,F,Y,1.0,Apparently Normal,4.0,0,0,0,No Improper Action by Driver,No Improper Action by Driver,0,0,0,0,0,0,0,0,0,0,0,0,0,0,0,0,0,0,0,0,0,0,0,0,0,0,1,0,0,0,0,0,0,0,1,0,0
190583814,Ottawa,northern,SH-125,State Highway,1,0.0,0.0,property_damage,0.0,0,0.0,0.0,0.0,F-O FENCE-POLE,FIXED-OBJECT,36.7430754,-94.8553489,2019,2019-01-11,21.11,1,0,N,       ,Y,N,1,Rain,Dark / Lighted,2.0,41,0,Fixed Object,0,Y,0.0,D,20.0,56.0,F,Y,1.0,Drinking - Ability Impaired,99.0,0,0,0,Alcohol-DUI/DWI,Alcohol-DUI/DWI,0,1,0,0,0,0,0,0,0,0,0,0,0,0,0,0,0,0,0,0,0,0,0,0,0,0,0,0,0,0,0,0,0,0,1,0,0
190583873,Nowata,northern,US-169,US Route,0,1.0,0.0,property_damage,0.0,0,0.0,0.0,0.0,REAR-END,REAR-END,36.7188499,-95.629651,2019,2019-02-19,16.57,2,0,N,       ,N,N,0,Sleet/Hail/Freezing Rain,Daylight,3.0,4,0,No Roadway Departure,0,N,0.0,D,4.0,19.0,M,Y,1.0,Apparently Normal,4.0,0,1,0,No Improper Action by Driver,No Improper Action by Driver,0,0,0,0,0,0,0,0,0,0,0,0,0,0,0,0,0,0,0,0,0,0,0,0,0,0,1,0,0,0,0,0,0,0,1,0,1
190593388,Delaware,northern,US-59,US Route,0,1.0,0.0,property_damage,0.0,0,0.0,0.0,0.0,REAR-END,REAR-END,36.5989168,-94.7856185,2019,2019-01-17,7.59,2,0,N,       ,N,N,0,Rain,Daylight,2.0,2,0,No Roadway Departure,0,N,0.0,D,4.0,46.0,M,Y,1.0,Apparently Normal,4.0,0,0,0,Followed too Closely,Weather Condition,0,0,0,0,0,0,0,0,0,0,0,0,0,0,0,0,1,0,0,0,0,0,0,0,0,0,0,0,0,0,0,0,0,0,1,0,0
190593411,Tulsa,northern,US-169,US Route,0,72.0,0.0,property_damage,0.0,0,0.0,0.0,0.0,REAR-END,REAR-END,36.2693456,-95.847969,2019,2019-02-11,6.58,2,0,N,       ,N,N,0,Rain,Daylight,2.0,2,0,No Roadway Departure,0,N,0.0,D,2.0,53.0,F,Y,1.0,Apparently Normal,4.0,0,0,0,Followed too Closely,Weather Condition,0,0,0,0,0,0,0,0,0,0,0,0,0,0,0,0,1,0,0,0,0,0,0,0,0,0,0,0,0,0,0,0,0,0,1,0,0
190633351,Rogers,northern,US-169,US Route,0,0.0,0.0,property_damage,0.0,0,0.0,0.0,0.0,F-O CULVERT,FIXED-OBJECT,36.5268586,-95.7013504,2019,2019-02-22,17.23,1,0,N,       ,N,N,0,Rain,Daylight,2.0,19,0,Roadway Departure Left,0,N,0.0,D,2.0,44.0,M,Y,1.0,Very Tired,4.0,0,0,1,Apparently Sleepy,Apparently Sleepy,0,0,0,1,0,0,0,0,0,0,0,0,0,0,0,0,0,0,0,0,0,0,0,0,0,0,0,0,0,0,0,0,0,0,1,0,0
190654969,Tulsa,northern,SH-20,State Highway,0,0.0,0.0,property_damage,0.0,0,0.0,0.0,0.0,SIDESWIPE-SAME,SIDESWIPE-SAME,36.3656607,-95.8779188,2019,2019-01-03,18.45,1,0,N,       ,N,N,0,Rain,Dark / Unlighted,7.0,16,1,No Roadway Departure,0,N,2.0,D,20.0,60.0,M,Y,1.0,Apparently Normal,4.0,0,0,0,Avoiding Pedestrian,Avoiding Pedestrian,0,0,0,0,0,1,0,0,0,0,0,0,0,0,0,0,0,0,0,0,0,0,0,0,0,0,0,0,0,0,0,0,0,0,1,1,1
190654983,Tulsa,northern,,City Street,1,0.0,0.0,property_damage,0.0,0,0.0,0.0,0.0,OTHER,OTHER,36.3715446,-95.8480987,2019,2019-01-11,9.3,1,0,N,       ,N,N,0,Rain,Daylight,2.0,20,0,Roadway Departure Right,0,N,0.0,D,99.0,37.0,F,Y,1.0,Apparently Normal,4.0,0,0,0,Unsafe Speed,Rain or Wet Roadway,0,0,0,0,0,0,0,0,0,0,0,0,0,0,0,0,0,0,0,0,0,0,0,0,0,0,0,0,0,0,0,1,0,0,1,0,0
190654996,Sequoyah,southern,US-64,US Route,0,10.0,0.0,property_damage,0.0,0,0.0,0.0,0.0,F-O GUARDRL-FACE,FIXED-OBJECT,35.4049292,-94.4923097,2019,2019-01-19,8.0,1,0,N,       ,N,N,0,Snow,Dark / Unlighted,4.0,19,0,Roadway Departure Left,0,N,2.0,D,4.0,20.0,F,Y,1.0,Apparently Normal,4.0,0,0,0,Unsafe Speed,For Ice or Snow on Roadway,0,0,0,0,0,0,0,0,0,0,0,0,0,0,0,0,0,0,0,0,0,0,0,0,0,0,0,0,0,0,0,1,0,0,1,1,1
190655150,Sequoyah,southern,US-64,US Route,1,0.0,0.0,property_damage,0.0,0,0.0,0.0,0.0,REAR-END,REAR-END,35.405068,-94.5215497,2019,2019-02-27,7.03,2,0,N,       ,N,N,0,Rain,Dawn,2.0,2,0,No Roadway Departure,0,N,0.0,D,4.0,37.0,M,Y,1.0,Apparently Normal,4.0,0,0,0,Followed too Closely,Human Element,0,0,0,0,0,0,0,0,0,0,0,0,0,0,0,0,1,0,0,0,0,0,0,0,0,0,0,0,0,0,0,0,0,0,1,1,0
190661845,Mayes,northern,SH-28,State Highway,0,0.0,0.0,non_incapacitating_injury,1.0,0,0.0,1.0,0.0,F-O DITCH,FIXED-OBJECT,36.4378944,-95.2219703,2019,2019-03-03,9.3,1,0,N,       ,N,N,0,Snow,Daylight,3.0,20,0,Roadway Departure Right,0,N,0.0,D,2.0,63.0,M,Y,3.0,Apparently Normal,99.0,0,0,0,No Improper Action by Driver,No Improper Action by Driver,0,0,0,0,0,0,0,0,0,0,0,0,0,0,0,0,0,0,0,0,0,0,0,0,0,0,1,0,0,0,0,0,0,0,1,0,1
190662169,Rogers,northern,SH-66,State Highway,1,0.0,0.0,property_damage,0.0,0,0.0,0.0,0.0,RIGHT-ANGLE,RIGHT-ANGLE,36.2339056,-95.6901345,2019,2019-02-27,12.3,2,0,N,       ,N,N,0,Sleet/Hail/Freezing Rain,Daylight,2.0,1,0,No Roadway Departure,0,N,0.0,D,2.0,86.0,M,Y,1.0,Apparently Normal,4.0,1,0,0,Failed to Stop,For Traffic Signal,0,0,0,0,0,0,0,0,0,0,0,0,0,0,1,0,0,0,0,0,0,0,0,0,0,0,0,0,0,0,0,0,0,0,1,0,0
190662170,Rogers,northern,SH-66,State Highway,0,0.0,0.0,possible_injury,0.0,0,0.0,0.0,1.0,OTHER,OTHER,36.2218853,-95.7098883,2019,2019-02-27,21.35,2,0,N,       ,N,N,0,Sleet/Hail/Freezing Rain,Dark / Unlighted,3.0,20,0,Fixed Object,0,N,2.0,D,2.0,26.0,F,Y,1.0,Apparently Normal,99.0,0,0,0,Unsafe Speed,For Ice or Snow on Roadway,0,0,0,0,0,0,0,0,0,0,0,0,0,0,0,0,0,0,0,0,0,0,0,0,0,0,0,0,0,0,0,1,0,0,1,1,1
190662176,Sequoyah,southern,,City Street,5,80.0,99.0,property_damage,0.0,0,0.0,0.0,0.0,REAR-END,REAR-END,35.44980881,-94.794446,2019,2019-02-22,8.2,2,0,N,       ,N,N,0,Rain,Daylight,2.0,2,0,No Roadway Departure,0,N,0.0,D,20.0,61.0,M,Y,1.0,Apparently Normal,4.0,0,0,0,Improper Backing,Improper Backing,0,0,0,0,0,0,0,0,0,0,0,0,0,0,0,0,0,1,0,0,0,0,0,0,0,0,0,0,0,0,0,0,0,0,1,0,0
190675670,Tulsa,northern,,City Street,1,80.0,99.0,property_damage,0.0,0,0.0,0.0,0.0,REAR-END,REAR-END,36.3075504,-95.8481097,2019,2019-03-23,22.21,2,0,N,       ,N,N,0,Severe Crosswind,Dark / Lighted,1.0,2,0,No Roadway Departure,0,Y,2.0,D,2.0,17.0,F,Y,1.0,Apparently Normal,99.0,0,1,0,Improper Use of Lane,Improper Use of Lane,0,0,0,0,0,0,0,0,0,0,0,0,0,0,0,0,0,0,0,0,0,0,0,1,0,0,0,0,0,0,0,0,0,0,1,0,0
190675671,Tulsa,northern,,City Street,6,72.0,0.0,non_incapacitating_injury,1.0,0,0.0,1.0,0.0,REAR-END,REAR-END,36.32208947,-95.8659391,2019,2019-02-22,7.05,2,0,N,       ,N,N,0,Rain,Dawn,2.0,2,0,No Roadway Departure,0,N,0.0,D,2.0,58.0,F,Y,1.0,Apparently Normal,4.0,0,0,0,No Improper Action by Driver,No Improper Action by Driver,0,0,0,0,0,0,0,0,0,0,0,0,0,0,0,0,0,0,0,0,0,0,0,0,0,0,1,0,0,0,0,0,0,0,1,1,0
190675674,Tulsa,northern,US-169,US Route,1,0.0,0.0,property_damage,0.0,0,0.0,0.0,0.0,RIGHT-ANGLE,RIGHT-ANGLE,36.2783361,-95.8478275,2019,2019-02-28,23.05,2,0,N,       ,N,N,0,Sleet/Hail/Freezing Rain,Dark / Lighted,3.0,1,0,No Roadway Departure,0,N,0.0,D,20.0,21.0,M,Y,1.0,Apparently Normal,4.0,0,0,0,Failed to Stop,For Traffic Signal,0,0,0,0,0,0,0,0,0,0,0,0,0,0,1,0,0,0,0,0,0,0,0,0,0,0,0,0,0,0,0,0,0,0,1,0,1
190700924,Mayes,northern,US-69,US Route,0,0.0,0.0,non_incapacitating_injury,1.0,0,0.0,1.0,0.0,SIDESWIPE-SAME,SIDESWIPE-SAME,36.2505794,-95.3354955,2019,2019-02-28,1.39,2,1,N,       ,N,N,0,Sleet/Hail/Freezing Rain,Dark / Unlighted,3.0,16,0,Roadway Departure Left,0,N,0.0,D,4.0,76.0,M,Y,3.0,Apparently Normal,1.0,1,0,0,Failed to Yield,From Stop Sign,0,0,0,0,0,0,0,0,0,0,0,0,0,0,0,1,0,0,0,0,0,0,0,0,0,0,0,0,0,0,0,0,0,0,1,1,1
190700957,Delaware,northern,US-59,US Route,0,0.0,0.0,property_damage,0.0,0,0.0,0.0,0.0,OTH-SINGLE-VEH,OTH-SINGLE-VEH,36.4138719,-94.8137376,2019,2019-01-19,18.24,1,0,N,       ,N,N,0,Snow,Dark / Unlighted,3.0,33,0,No Roadway Departure,0,N,2.0,D,2.0,36.0,M,Y,1.0,Apparently Normal,4.0,0,0,0,Object/Debris in Roadway,Object/Debris in Roadway,0,0,0,0,0,0,0,0,0,0,0,0,0,0,0,0,0,0,0,0,0,0,0,0,0,0,0,1,0,0,0,0,0,0,1,1,1
190701012,Sequoyah,southern,US-64,US Route,1,0.0,0.0,possible_injury,0.0,0,0.0,0.0,1.0,ANGLE-TURNING,ANGLE-TURNING,35.4038361,-94.5876318,2019,2019-02-19,16.39,2,0,N,       ,N,N,0,Rain,Daylight,2.0,6,0,No Roadway Departure,0,N,0.0,D,4.0,23.0,M,Y,2.0,Apparently Normal,4.0,0,0,0,Failed to Yield,From Stop Sign,0,0,0,0,0,0,0,0,0,0,0,0,0,0,0,1,0,0,0,0,0,0,0,0,0,0,0,0,0,0,0,0,0,0,1,0,0
190721196,Tulsa,northern,US-169,US Route,0,0.0,0.0,property_damage,0.0,0,0.0,0.0,0.0,F-O OTHER,FIXED-OBJECT,36.2968483,-95.8283144,2019,2019-02-27,22.54,1,0,N,       ,N,N,0,Sleet/Hail/Freezing Rain,Dark / Unlighted,3.0,19,0,Roadway Departure Right,0,N,0.0,D,99.0,26.0,M,Y,1.0,Apparently Normal,99.0,0,0,0,Unsafe Speed,For Ice or Snow on Roadway,0,0,0,0,0,0,0,0,0,0,0,0,0,0,0,0,0,0,0,0,0,0,0,0,0,0,0,0,0,0,0,1,0,0,1,1,1
190721198,Tulsa,northern,US-169,US Route,1,20.0,0.0,property_damage,0.0,0,0.0,0.0,0.0,REAR-END,REAR-END,36.2783361,-95.8478275,2019,2019-02-27,23.06,2,0,N,       ,N,N,0,Sleet/Hail/Freezing Rain,Dark / Lighted,3.0,5,0,No Roadway Departure,0,N,0.0,D,2.0,28.0,F,Y,1.0,Apparently Normal,4.0,0,0,0,Followed too Closely,Weather Condition,0,0,0,0,0,0,0,0,0,0,0,0,0,0,0,0,1,0,0,0,0,0,0,0,0,0,0,0,0,0,0,0,0,0,1,0,1
190772269,Rogers,northern,SH-167,State Highway,1,0.0,0.0,property_damage,0.0,0,0.0,0.0,0.0,REAR-END,REAR-END,36.1768735,-95.7608559,2019,2019-02-22,16.03,2,0,N,       ,N,N,0,Rain,Daylight,2.0,2,0,No Roadway Departure,0,N,0.0,D,2.0,19.0,M,Y,1.0,Apparently Normal,4.0,0,1,0,Followed too Closely,Human Element,0,0,0,0,0,0,0,0,0,0,0,0,0,0,0,0,1,0,0,0,0,0,0,0,0,0,0,0,0,0,0,0,0,0,1,0,0
190772444,Delaware,northern,US-59,US Route,0,0.0,0.0,property_damage,0.0,0,0.0,0.0,0.0,SIDESWIPE-SAME,SIDESWIPE-SAME,36.420971,-94.8002057,2019,2019-02-22,21.06,2,0,N,       ,N,N,0,Rain,Dusk,2.0,16,0,No Roadway Departure,0,N,0.0,D,2.0,35.0,M,Y,0.0,Apparently Normal,4.0,0,0,0,Improper Overtaking,In Marked Zone,0,0,0,0,0,0,0,0,0,0,0,0,0,0,0,0,0,0,0,1,0,0,0,0,0,0,0,0,0,0,0,0,0,0,1,1,0
190772650,Rogers,northern,I-44,Interstate,1,20.0,0.0,possible_injury,0.0,0,0.0,0.0,1.0,ANGLE-TURNING,ANGLE-TURNING,36.1625219,-95.7618819,2019,2019-02-16,20.3,2,0,N,       ,N,N,0,Rain,Dark / Lighted,2.0,7,0,No Roadway Departure,0,N,0.0,D,20.0,56.0,M,Y,1.0,Apparently Normal,4.0,0,0,0,Failed to Stop,For Traffic Signal,0,0,0,0,0,0,0,0,0,0,0,0,0,0,1,0,0,0,0,0,0,0,0,0,0,0,0,0,0,0,0,0,0,0,1,0,0
190772774,Rogers,northern,SH-88,State Highway,0,0.0,0.0,property_damage,0.0,0,0.0,0.0,0.0,F-O TREE,FIXED-OBJECT,36.3180026,-95.6292375,2019,2019-02-05,11.31,1,0,N,       ,N,N,0,Rain,Daylight,2.0,20,0,Roadway Departure Right,0,N,0.0,D,1.0,18.0,F,Y,1.0,Apparently Normal,4.0,0,1,0,Unsafe Speed,Rain or Wet Roadway,0,0,0,0,0,0,0,0,0,0,0,0,0,0,0,0,0,0,0,0,0,0,0,0,0,0,0,0,0,0,0,1,0,0,1,0,0
190772790,Rogers,northern,SH-20,State Highway,1,0.0,0.0,property_damage,0.0,0,0.0,0.0,0.0,REAR-END,REAR-END,36.3176166,-95.6283343,2019,2019-02-07,9.49,2,0,N,       ,N,N,0,Snow,Daylight,3.0,2,0,No Roadway Departure,0,N,0.0,D,2.0,69.0,F,Y,0.0,Apparently Normal,4.0,1,0,0,No Improper Action by Driver,No Improper Action by Driver,0,0,0,0,0,0,0,0,0,0,0,0,0,0,0,0,0,0,0,0,0,0,0,0,0,0,1,0,0,0,0,0,0,0,1,0,1
190793448,Washington,northern,,City Street,8,5.0,0.0,possible_injury,0.0,0,0.0,0.0,1.0,F-O DROP-OFF,FIXED-OBJECT,36.7135483,-95.93864603,2019,2019-02-23,9.15,1,0,N,       ,N,N,0,Rain,Daylight,2.0,33,0,Fixed Object,0,N,0.0,D,21.0,79.0,M,Y,2.0,Apparently Normal,4.0,1,0,0,Wrong Way,On One Way,0,0,0,0,0,0,0,0,0,0,0,0,0,0,0,0,0,0,0,0,0,0,0,0,0,0,0,0,0,0,0,0,0,1,1,0,0
190793454,Washington,northern,,City Street,5,10.0,0.0,possible_injury,0.0,0,0.0,0.0,1.0,F-O BR-RAIL,FIXED-OBJECT,36.71843171,-95.9617927,2019,2019-02-17,0.38,1,0,N,       ,N,N,0,Sleet/Hail/Freezing Rain,Dark / Lighted,3.0,20,0,Fixed Object,0,N,0.0,D,1.0,32.0,F,Y,1.0,Apparently Normal,4.0,0,0,0,Unsafe Speed,For Traffic Conditions,0,0,0,0,0,0,0,0,0,0,0,0,0,0,0,0,0,0,0,0,0,0,0,0,0,0,0,0,0,0,0,1,0,0,1,0,1
190793456,Washington,northern,,City Street,5,80.0,99.0,property_damage,0.0,0,0.0,0.0,0.0,REAR-END,REAR-END,36.75097111,-95.9628034,2019,2019-02-15,16.44,2,0,N,       ,N,N,0,Sleet/Hail/Freezing Rain,Daylight,3.0,2,0,No Roadway Departure,0,N,0.0,D,20.0,49.0,F,Y,1.0,Apparently Normal,4.0,0,0,0,Unsafe Speed,For Ice or Snow on Roadway,0,0,0,0,0,0,0,0,0,0,0,0,0,0,0,0,0,0,0,0,0,0,0,0,0,0,0,0,0,0,0,1,0,0,1,0,1
190793463,Washington,northern,US-60,US Route,0,0.0,0.0,possible_injury,0.0,0,0.0,0.0,6.0,REAR-END,REAR-END,36.7462172,-95.9724533,2019,2019-02-11,18.44,3,0,N,       ,N,N,0,Sleet/Hail/Freezing Rain,Dark / Unlighted,2.0,3,0,No Roadway Departure,0,N,0.0,D,2.0,25.0,M,Y,1.0,Apparently Normal,4.0,0,0,0,Unsafe Speed,Rain or Wet Roadway,0,0,0,0,0,0,0,0,0,0,0,0,0,0,0,0,0,0,0,0,0,0,0,0,0,0,0,0,0,0,0,1,0,0,1,1,0