crash_id,county,region,highway_name,highway_class,intersection_rel,special_feature_1,special_feature_2,severity_level,visual_injured_num,fatal_num,suspected_serious_injured_num,non_incapacitated_injured_num,possibly_injured_num,crash_type,main_crash_type,latitude,longitude,year,date,time,number_of_vehicles,number_of_commercial_vehicles,work_zone,railroad_crossing,alcohol,drug,Alcohol or Drug,weather_condition,lighting_condition,road_condition,manner_of_collision,pedestrians_num,roadway_departure,cross_centerline,hit_and_run,emergency_vehicle_use,unit_type,vehicle_type,age,sex,driver_of_vehicle,injury_severity,person_condition,restraint_use,older_driver,teen_driver,Sleepy/Ill/Dizzy Driver,unsafe_unlaw_category,unsafe_unlaw_desc,Abnormal Traffic Control,Alcohol-DUI/DWI,Animal in Roadway,Apparently Sleepy,Avoiding Other Vehicle,Avoiding Pedestrian,Changed Lanes Unsafely,Deer in Roadway,Defect in Roadway,Disregarded Warning Signal,Domestic Animal in Roadway,Drug-DUI,Failed to Secure Load,Failed to Signal,Failed to Stop,Failed to Yield,Followed too Closely,Improper Backing,Improper Bicyclist Action,Improper Overtaking,Improper Parking,Improper Start From,Improper Turn,Improper Use of Lane,Distraction,Left of Center,No Improper Action by Driver,Object/Debris in Roadway,Other Improper Act/Movement,Pedestrian Action,Stopped in Traffic Lane,Speeding,Unsafe Vehicle,Wrong Way,Bad Weather,Bad Lighting,Bad Road Condition
300355367,Sequoyah,southern,I-40,Interstate,0,0.0,0.0,property_damage,0.0,0,0.0,0.0,0.0,F-O BARR-CABLE,FIXED-OBJECT,35.4479811,-94.8037322,2018,2018-04-06,10.46,1,0,N,       ,N,N,0,Rain,Daylight,2.0,19,0,Roadway Departure Left,0,N,0.0,D,1.0,62.0,F,Y,1.0,Apparently Normal,4.0,0,0,0,Unsafe Speed,Rain or Wet Roadway,0,0,0,0,0,0,0,0,0,0,0,0,0,0,0,0,0,0,0,0,0,0,0,0,0,0,0,0,0,0,0,1,0,0,1,0,0
300355631,Rogers,northern,I-44,Interstate,0,0.0,0.0,non_incapacitating_injury,1.0,0,0.0,1.0,1.0,F-O BARR-CONCRETE,FIXED-OBJECT,36.1627469,-95.7506218,2018,2018-03-25,12.0,2,1,N,       ,N,N,0,Rain,Daylight,2.0,19,0,Roadway Departure Left,0,N,0.0,D,10.0,56.0,F,Y,3.0,Apparently Normal,4.0,0,0,0,Unsafe Speed,Rain or Wet Roadway,0,0,0,0,0,0,0,0,0,0,0,0,0,0,0,0,0,0,0,0,0,0,0,0,0,0,0,0,0,0,0,1,0,0,1,0,0
300355693,Nowata,northern,US-60,US Route,0,0.0,0.0,property_damage,0.0,0,0.0,0.0,0.0,REAR-END,REAR-END,36.7135406,-95.7017682,2018,2018-03-27,15.06,2,0,N,       ,N,N,0,Rain,Daylight,2.0,3,0,Roadway Departure Right,0,N,0.0,D,2.0,27.0,F,Y,1.0,Apparently Normal,4.0,0,0,0,Followed too Closely,Weather Condition,0,0,0,0,0,0,0,0,0,0,0,0,0,0,0,0,1,0,0,0,0,0,0,0,0,0,0,0,0,0,0,0,0,0,1,0,0
300355696,Mayes,northern,SH-28,State Highway,0,0.0,0.0,fatal,2.0,1,0.0,2.0,0.0,F-O TREE,FIXED-OBJECT,36.4377967,-95.3137416,2017,2017-12-22,15.13,1,0,N,       ,N,N,0,Rain,Daylight,2.0,20,0,Roadway Departure Right,0,N,0.0,D,20.0,75.0,F,Y,3.0,Apparently Normal,4.0,1,0,0,Unsafe Speed,Exceeding Legal Limit,0,0,0,0,0,0,0,0,0,0,0,0,0,0,0,0,0,0,0,0,0,0,0,0,0,0,0,0,0,0,0,1,0,0,1,0,0
300355703,Delaware,northern,SH-116,State Highway,0,0.0,0.0,property_damage,0.0,0,0.0,0.0,0.0,F-O EMBANKMENT,FIXED-OBJECT,36.2649605,-94.7067267,2018,2018-03-28,15.38,1,0,N,       ,N,N,0,Rain,Daylight,2.0,20,0,Roadway Departure Right,0,N,0.0,D,2.0,25.0,M,Y,1.0,Apparently Normal,4.0,0,0,0,Unsafe Speed,Rain or Wet Roadway,0,0,0,0,0,0,0,0,0,0,0,0,0,0,0,0,0,0,0,0,0,0,0,0,0,0,0,0,0,0,0,1,0,0,1,0,0
300355887,Tulsa,tulsa,I-244,Interstate,0,10.0,0.0,non_incapacitating_injury,1.0,0,0.0,1.0,0.0,F-O BARR-CONCRETE,FIXED-OBJECT,36.1646933,-95.8611975,2018,2018-04-07,7.3,2,0,N,       ,N,N,0,Sleet/Hail/Freezing Rain,Daylight,3.0,19,0,Roadway Departure Left,0,N,0.0,D,4.0,49.0,F,Y,3.0,Apparently Normal,4.0,0,0,0,Unsafe Speed,For Ice or Snow on Roadway,0,0,0,0,0,0,0,0,0,0,0,0,0,0,0,0,0,0,0,0,0,0,0,0,0,0,0,0,0,0,0,1,0,0,1,0,1
300355998,Sequoyah,southern,I-40,Interstate,0,0.0,0.0,property_damage,0.0,0,0.0,0.0,0.0,ROLLOVER,ROLLOVER,35.4353595,-94.4785781,2018,2018-04-06,11.36,1,0,N,       ,N,N,0,Rain,Daylight,2.0,20,0,Roadway Departure Right,0,N,0.0,D,20.0,18.0,F,Y,1.0,Apparently Normal,4.0,0,1,0,Unsafe Speed,Rain or Wet Roadway,0,0,0,0,0,0,0,0,0,0,0,0,0,0,0,0,0,0,0,0,0,0,0,0,0,0,0,0,0,0,0,1,0,0,1,0,0
300356302,Tulsa,tulsa,I-244,Interstate,0,0.0,0.0,property_damage,0.0,0,0.0,0.0,0.0,SIDESWIPE-SAME,SIDESWIPE-SAME,36.1646462,-95.8615505,2018,2018-04-07,7.3,2,0,N,       ,N,N,0,Sleet/Hail/Freezing Rain,Daylight,3.0,16,0,Roadway Departure Right,0,N,0.0,D,4.0,31.0,M,Y,1.0,Apparently Normal,4.0,0,0,0,Unsafe Speed,For Ice or Snow on Roadway,0,0,0,0,0,0,0,0,0,0,0,0,0,0,0,0,0,0,0,0,0,0,0,0,0,0,0,0,0,0,0,1,0,0,1,0,1
300356398,Craig,northern,,County Road,0,76.0,0.0,property_damage,0.0,0,0.0,0.0,0.0,SIDESWIPE-OPP,SIDESWIPE-OPP,36.5611,-95.1129,2018,2018-04-13,9.38,2,0,N,       ,N,N,0,Rain,Daylight,2.0,17,0,No Roadway Departure,1,N,0.0,D,20.0,37.0,F,Y,1.0,Apparently Normal,4.0,0,0,0,Left of Center,In Meeting,0,0,0,0,0,0,0,0,0,0,0,0,0,0,0,0,0,0,0,0,0,0,0,0,0,1,0,0,0,0,0,0,0,0,1,0,0
300356449,Tulsa,tulsa,I-244,Interstate,0,0.0,0.0,property_damage,0.0,0,0.0,0.0,0.0,SIDESWIPE-SAME,SIDESWIPE-SAME,36.1624306,-95.8982837,2018,2018-04-06,19.32,2,0,N,       ,N,N,0,Rain,Dark / Lighted,2.0,16,0,No Roadway Departure,0,N,0.0,D,2.0,21.0,M,Y,1.0,Apparently Normal,4.0,0,0,0,Changed Lanes Unsafely,Changed Lanes Unsafely,0,0,0,0,0,0,1,0,0,0,0,0,0,0,0,0,0,0,0,0,0,0,0,0,0,0,0,0,0,0,0,0,0,0,1,0,0
300356451,Sequoyah,southern,,County Road,0,0.0,0.0,property_damage,0.0,0,0.0,0.0,0.0,ROLLOVER,ROLLOVER,35.4779,-94.6378,2018,2018-04-13,17.4,1,0,N,       ,N,N,0,Rain,Daylight,2.0,19,0,Roadway Departure Left,1,N,0.0,D,4.0,60.0,M,Y,1.0,Apparently Normal,4.0,0,0,0,Apparently Sleepy,Apparently Sleepy,0,0,0,1,0,0,0,0,0,0,0,0,0,0,0,0,0,0,0,0,0,0,0,0,0,0,0,0,0,0,0,0,0,0,1,0,0
300356632,Ottawa,northern,I-44,Turnpike Interstate,0,0.0,0.0,non_incapacitating_injury,2.0,0,0.0,2.0,0.0,F-O BARR-CONCRETE,FIXED-OBJECT,36.7175025,-94.9486215,2018,2018-04-07,6.23,1,0,N,       ,N,N,0,Sleet/Hail/Freezing Rain,Dark / Unlighted,3.0,19,0,Roadway Departure Right,0,N,0.0,D,4.0,23.0,M,Y,3.0,Apparently Normal,4.0,0,0,0,Unsafe Speed,For Ice or Snow on Roadway,0,0,0,0,0,0,0,0,0,0,0,0,0,0,0,0,0,0,0,0,0,0,0,0,0,0,0,0,0,0,0,1,0,0,1,1,1
300356730,Rogers,northern,I-44,Interstate,0,10.0,0.0,property_damage,0.0,0,0.0,0.0,0.0,F-O TRAFF-SIGN,FIXED-OBJECT,36.1627301,-95.7515155,2018,2018-03-27,16.42,1,0,N,       ,N,N,0,Rain,Daylight,2.0,20,0,Roadway Departure Right,0,N,0.0,D,2.0,19.0,F,Y,1.0,Apparently Normal,4.0,0,1,0,Unsafe Speed,Rain or Wet Roadway,0,0,0,0,0,0,0,0,0,0,0,0,0,0,0,0,0,0,0,0,0,0,0,0,0,0,0,0,0,0,0,1,0,0,1,0,0
300356780,Tulsa,tulsa,I-244,Interstate,0,0.0,0.0,property_damage,0.0,0,0.0,0.0,0.0,F-O BARR-CONCRETE,FIXED-OBJECT,36.1642191,-95.8654476,2018,2018-04-07,7.3,1,0,N,       ,N,N,0,Sleet/Hail/Freezing Rain,Daylight,3.0,20,0,Roadway Departure Right,0,N,0.0,D,4.0,39.0,M,Y,1.0,Apparently Normal,4.0,0,0,0,No Improper Action by Driver,No Improper Action by Driver,0,0,0,0,0,0,0,0,0,0,0,0,0,0,0,0,0,0,0,0,0,0,0,0,0,0,1,0,0,0,0,0,0,0,1,0,1
300357294,Tulsa,tulsa,I-244,Interstate,0,30.0,0.0,non_incapacitating_injury,1.0,0,0.0,1.0,0.0,RIGHT-ANGLE,RIGHT-ANGLE,36.1617775,-95.8849606,2018,2018-04-02,11.41,1,0,N,       ,N,N,0,Rain,Daylight,2.0,1,0,Roadway Departure Right,0,N,0.0,D,2.0,26.0,F,Y,3.0,Sleepy,1.0,0,0,1,Apparently Sleepy,Apparently Sleepy,0,0,0,1,0,0,0,0,0,0,0,0,0,0,0,0,0,0,0,0,0,0,0,0,0,0,0,0,0,0,0,0,0,0,1,0,0
300357502,Tulsa,tulsa,,City Street,8,0.0,0.0,property_damage,0.0,0,0.0,0.0,0.0,ANGLE-TURNING,ANGLE-TURNING,36.22048001,-95.97588334,2018,2018-04-21,16.07,2,0,N,       ,N,N,0,Rain,Daylight,2.0,12,0,No Roadway Departure,0,Y,0.0,D,20.0,33.0,F,Y,1.0,Apparently Normal,4.0,0,0,0,Changed Lanes Unsafely,Changed Lanes Unsafely,0,0,0,0,0,0,1,0,0,0,0,0,0,0,0,0,0,0,0,0,0,0,0,0,0,0,0,0,0,0,0,0,0,0,1,0,0
300357547,Sequoyah,southern,I-40,Interstate,0,0.0,0.0,non_incapacitating_injury,1.0,0,0.0,1.0,0.0,RIGHT-ANGLE,RIGHT-ANGLE,35.4476168,-94.7952459,2018,2018-04-13,15.29,1,0,N,       ,N,N,0,Rain,Daylight,2.0,1,0,Roadway Departure Left,0,N,0.0,D,20.0,22.0,F,Y,3.0,Apparently Normal,4.0,0,0,0,Unsafe Speed,Rain or Wet Roadway,0,0,0,0,0,0,0,0,0,0,0,0,0,0,0,0,0,0,0,0,0,0,0,0,0,0,0,0,0,0,0,1,0,0,1,0,0
300357695,Tulsa,tulsa,US-75,US Route,0,30.0,0.0,possible_injury,0.0,0,0.0,0.0,1.0,RIGHT-ANGLE,RIGHT-ANGLE,36.2036586,-95.947287,2018,2018-04-21,11.3,1,0,N,       ,N,N,0,Rain,Daylight,2.0,1,0,Fixed Object,0,N,0.0,D,2.0,37.0,F,Y,2.0,Apparently Normal,4.0,0,0,0,Unsafe Speed,Rain or Wet Roadway,0,0,0,0,0,0,0,0,0,0,0,0,0,0,0,0,0,0,0,0,0,0,0,0,0,0,0,0,0,0,0,1,0,0,1,0,0
300357745,Tulsa,tulsa,US-75,US Route,0,0.0,0.0,non_incapacitating_injury,1.0,0,0.0,1.0,0.0,RIGHT-ANGLE,RIGHT-ANGLE,36.2040821,-95.9471635,2018,2018-04-22,5.29,1,1,N,       ,N,N,0,Rain,Dark / Unlighted,2.0,1,0,Roadway Departure Left,1,N,0.0,D,5.0,33.0,M,Y,3.0,Apparently Normal,4.0,0,0,0,No Improper Action by Driver,No Improper Action by Driver,0,0,0,0,0,0,0,0,0,0,0,0,0,0,0,0,0,0,0,0,0,0,0,0,0,0,1,0,0,0,0,0,0,0,1,1,0
300357766,Mayes,northern,US-412,US Route,1,0.0,0.0,non_incapacitating_injury,2.0,0,0.0,2.0,1.0,ANGLE-TURNING,ANGLE-TURNING,36.1766543,-95.2793263,2018,2018-04-21,15.57,2,0,N,       ,N,N,0,Rain,Daylight,2.0,6,0,Roadway Departure Left,0,N,0.0,D,2.0,21.0,M,Y,3.0,Apparently Normal,4.0,0,0,0,Failed to Yield,From Stop Sign,0,0,0,0,0,0,0,0,0,0,0,0,0,0,0,1,0,0,0,0,0,0,0,0,0,0,0,0,0,0,0,0,0,0,1,0,0
300357771,Washington,northern,US-60,US Route,0,0.0,0.0,non_incapacitating_injury,1.0,0,0.0,1.0,0.0,RIGHT-ANGLE,RIGHT-ANGLE,36.7279484,-95.8865766,2018,2018-04-22,19.16,1,0,N,       ,N,N,0,Rain,Daylight,2.0,1,0,Roadway Departure Right,0,N,0.0,D,20.0,17.0,M,Y,3.0,Apparently Normal,4.0,0,1,0,Unsafe Speed,Rain or Wet Roadway,0,0,0,0,0,0,0,0,0,0,0,0,0,0,0,0,0,0,0,0,0,0,0,0,0,0,0,0,0,0,0,1,0,0,1,0,0
300357871,Rogers,northern,I-44,Turnpike Interstate,0,0.0,0.0,property_damage,0.0,0,0.0,0.0,0.0,RIGHT-ANGLE,RIGHT-ANGLE,36.2138933,-95.6947794,2018,2018-04-21,14.04,1,0,N,       ,N,N,0,Rain,Daylight,2.0,1,0,Roadway Departure Right,0,N,0.0,D,20.0,34.0,F,Y,1.0,Apparently Normal,4.0,0,0,0,Unsafe Speed,Rain or Wet Roadway,0,0,0,0,0,0,0,0,0,0,0,0,0,0,0,0,0,0,0,0,0,0,0,0,0,0,0,0,0,0,0,1,0,0,1,0,0
300357884,Tulsa,tulsa,US-75,US Route,0,0.0,0.0,property_damage,0.0,0,0.0,0.0,0.0,RIGHT-ANGLE,RIGHT-ANGLE,36.1908146,-95.9560225,2018,2018-04-25,8.24,1,0,N,       ,N,N,0,Rain,Daylight,2.0,1,0,Fixed Object,0,N,0.0,D,2.0,33.0,F,Y,1.0,Apparently Normal,4.0,0,0,0,Followed too Closely,Weather Condition,0,0,0,0,0,0,0,0,0,0,0,0,0,0,0,0,1,0,0,0,0,0,0,0,0,0,0,0,0,0,0,0,0,0,1,0,0
300357893,Muskogee,southern,MUSTPK,Turnpike,0,75.0,0.0,property_damage,0.0,0,0.0,0.0,0.0,RIGHT-ANGLE,RIGHT-ANGLE,35.5850056,-95.2601767,2018,2018-04-06,7.5,1,0,N,       ,N,N,0,Rain,Daylight,2.0,1,0,Roadway Departure Left,0,N,0.0,D,2.0,47.0,F,Y,1.0,Apparently Normal,4.0,0,0,0,Unsafe Speed,Rain or Wet Roadway,0,0,0,0,0,0,0,0,0,0,0,0,0,0,0,0,0,0,0,0,0,0,0,0,0,0,0,0,0,0,0,1,0,0,1,0,0
300358027,Cherokee,southern,SH-82,State Highway,0,76.0,0.0,incapacitating_injury,1.0,0,1.0,0.0,0.0,REAR-END,REAR-END,35.6496061,-94.9542379,2018,2018-04-21,22.24,2,0,N,       ,N,N,0,Rain,Dark / Unlighted,2.0,3,0,Roadway Departure Right,0,N,0.0,D,4.0,49.0,F,Y,1.0,Apparently Normal,1.0,0,0,0,Unsafe Speed,Rain or Wet Roadway,0,0,0,0,0,0,0,0,0,0,0,0,0,0,0,0,0,0,0,0,0,0,0,0,0,0,0,0,0,0,0,1,0,0,1,1,0
300358028,Cherokee,southern,,County Road,1,0.0,0.0,property_damage,0.0,0,0.0,0.0,0.0,REAR-END,REAR-END,35.9742,-95.2432,2018,2018-04-22,10.29,2,0,N,       ,N,N,0,Rain,Daylight,2.0,3,0,No Roadway Departure,0,Y,0.0,D,1.0,29.0,M,Y,1.0,Apparently Normal,1.0,0,0,0,Failed to Yield,From Stop Sign,0,0,0,0,0,0,0,0,0,0,0,0,0,0,0,1,0,0,0,0,0,0,0,0,0,0,0,0,0,0,0,0,0,0,1,0,0
300358063,Craig,northern,US-60,US Route,1,0.0,0.0,property_damage,0.0,0,0.0,0.0,0.0,ANGLE-TURNING,ANGLE-TURNING,36.6269802,-95.0631382,2018,2018-04-22,11.03,2,0,N,       ,N,N,0,Rain,Daylight,2.0,6,0,Roadway Departure Right,0,N,0.0,D,20.0,57.0,F,Y,1.0,Apparently Normal,4.0,0,0,0,Failed to Yield,From Stop Sign,0,0,0,0,0,0,0,0,0,0,0,0,0,0,0,1,0,0,0,0,0,0,0,0,0,0,0,0,0,0,0,0,0,0,1,0,0
300358240,Tulsa,northern,US-75,US Route,0,0.0,0.0,possible_injury,0.0,0,0.0,0.0,2.0,F-O TREE,FIXED-OBJECT,36.2961107,-95.9239886,2018,2018-04-21,11.32,1,0,N,       ,N,N,0,Rain,Daylight,2.0,20,0,Roadway Departure Right,0,N,0.0,D,2.0,18.0,F,Y,2.0,Apparently Normal,4.0,0,1,0,Unsafe Vehicle,Tires,0,0,0,0,0,0,0,0,0,0,0,0,0,0,0,0,0,0,0,0,0,0,0,0,0,0,0,0,0,0,0,0,1,0,1,0,0
300358582,Rogers,northern,,County Road,0,0.0,0.0,non_incapacitating_injury,1.0,0,0.0,1.0,0.0,F-O CULVERT,FIXED-OBJECT,36.2928,-95.5495,2018,2018-04-25,15.31,1,0,N,       ,N,N,0,Rain,Daylight,2.0,20,0,Roadway Departure Right,0,N,0.0,D,20.0,58.0,M,Y,3.0,Apparently Normal,4.0,0,0,0,Inattention,Distraction from Outside Vehicle,0,0,0,0,0,0,0,0,0,0,0,0,0,0,0,0,0,0,0,0,0,0,0,0,1,0,0,0,0,0,0,0,0,0,1,0,0
300358596,Craig,northern,US-60,US Route,1,0.0,0.0,non_incapacitating_injury,2.0,0,0.0,2.0,1.0,REAR-END,REAR-END,36.6269683,-95.0895937,2018,2018-04-25,7.46,3,0,N,       ,N,N,0,Rain,Daylight,2.0,4,0,Roadway Departure Right,0,N,0.0,D,2.0,61.0,M,Y,3.0,Sleepy,4.0,0,0,1,Inattention,Distraction from Outside Vehicle,0,0,0,0,0,0,0,0,0,0,0,0,0,0,0,0,0,0,0,0,0,0,0,0,1,0,0,0,0,0,0,0,0,0,1,0,0
300358803,Tulsa,tulsa,,City Street,1,0.0,0.0,non_incapacitating_injury,3.0,0,0.0,3.0,0.0,RIGHT-ANGLE,RIGHT-ANGLE,36.2165305,-95.984509,2018,2018-04-25,20.3,2,0,N,       ,N,N,0,Rain,Dark / Lighted,2.0,1,0,Roadway Departure Left,0,N,0.0,D,4.0,59.0,M,Y,3.0,Apparently Normal,4.0,0,0,0,Failed to Yield,From Stop Sign,0,0,0,0,0,0,0,0,0,0,0,0,0,0,0,1,0,0,0,0,0,0,0,0,0,0,0,0,0,0,0,0,0,0,1,0,0
300358936,Tulsa,northern,,County Road,0,0.0,0.0,property_damage,0.0,0,0.0,0.0,0.0,HEAD-ON,HEAD-ON,36.2786,-95.9485,2018,2018-04-25,6.25,3,1,N,       ,N,N,0,Rain,Dark / Unlighted,2.0,18,0,Roadway Departure Right,0,N,0.0,D,10.0,24.0,M,Y,0.0,Apparently Normal,4.0,0,0,0,Unsafe Speed,Rain or Wet Roadway,0,0,0,0,0,0,0,0,0,0,0,0,0,0,0,0,0,0,0,0,0,0,0,0,0,0,0,0,0,0,0,1,0,0,1,1,0
300359103,Tulsa,tulsa,SH-11,State Highway,0,42.0,0.0,property_damage,0.0,0,0.0,0.0,0.0,SIDESWIPE-SAME,SIDESWIPE-SAME,36.196399,-95.9181576,2018,2018-05-03,5.3,2,0,N,       ,N,N,0,Rain,Daylight,2.0,16,0,No Roadway Departure,0,Y,0.0,D,2.0,0.0,9,Y,1.0,Unknown,99.0,0,0,0,Unsafe Speed,Rain or Wet Roadway,0,0,0,0,0,0,0,0,0,0,0,0,0,0,0,0,0,0,0,0,0,0,0,0,0,0,0,0,0,0,0,1,0,0,1,0,0
300359134,Tulsa,tulsa,US-75,US Route,1,21.0,0.0,property_damage,0.0,0,0.0,0.0,0.0,ANGLE-TURNING,ANGLE-TURNING,36.1914319,-95.9552683,2018,2018-05-03,10.34,2,0,N,       ,N,N,0,Rain,Daylight,2.0,6,0,No Roadway Departure,0,N,0.0,D,2.0,38.0,M,Y,1.0,Apparently Normal,4.0,0,0,0,Improper Turn,Left,0,0,0,0,0,0,0,0,0,0,0,0,0,0,0,0,0,0,0,0,0,0,1,0,0,0,0,0,0,0,0,0,0,0,1,0,0
300359136,Tulsa,tulsa,,City Street,1,0.0,0.0,property_damage,0.0,0,0.0,0.0,0.0,RIGHT-ANGLE,RIGHT-ANGLE,36.1652609,-95.9979866,2018,2018-05-03,8.56,2,0,N,       ,N,N,0,Rain,Daylight,2.0,1,0,No Roadway Departure,0,Y,0.0,D,2.0,0.0,9,Y,1.0,Unknown,99.0,0,0,0,Failed to Yield,From Stop Sign,0,0,0,0,0,0,0,0,0,0,0,0,0,0,0,1,0,0,0,0,0,0,0,0,0,0,0,0,0,0,0,0,0,0,1,0,0
300359184,Delaware,northern,US-59,US Route,0,0.0,0.0,property_damage,0.0,0,0.0,0.0,0.0,F-O TRAFF-SIGN,FIXED-OBJECT,36.3393427,-94.8095832,2018,2018-04-25,10.32,1,0,N,       ,N,N,0,Rain,Daylight,2.0,19,0,Roadway Departure Left,0,N,0.0,D,2.0,25.0,F,Y,1.0,Apparently Normal,4.0,0,0,0,Unsafe Speed,Rain or Wet Roadway,0,0,0,0,0,0,0,0,0,0,0,0,0,0,0,0,0,0,0,0,0,0,0,0,0,0,0,0,0,0,0,1,0,0,1,0,0
300359288,Sequoyah,southern,I-40,Interstate,0,0.0,0.0,property_damage,0.0,0,0.0,0.0,0.0,F-O OTHER,FIXED-OBJECT,35.4478958,-94.7980612,2018,2018-05-03,11.59,1,0,N,       ,N,N,0,Rain,Daylight,2.0,20,0,Roadway Departure Right,0,N,0.0,D,2.0,69.0,F,Y,1.0,Apparently Normal,4.0,1,0,0,Unsafe Speed,Rain or Wet Roadway,0,0,0,0,0,0,0,0,0,0,0,0,0,0,0,0,0,0,0,0,0,0,0,0,0,0,0,0,0,0,0,1,0,0,1,0,0
300359289,Sequoyah,southern,I-40,Interstate,0,0.0,0.0,property_damage,0.0,0,0.0,0.0,0.0,F-O BARR-CABLE,FIXED-OBJECT,35.4479812,-94.8033776,2018,2018-05-03,8.01,1,0,N,       ,N,N,0,Rain,Daylight,2.0,19,0,Roadway Departure Left,0,N,0.0,D,2.0,24.0,F,Y,1.0,Apparently Normal,4.0,0,0,0,Unsafe Speed,Rain or Wet Roadway,0,0,0,0,0,0,0,0,0,0,0,0,0,0,0,0,0,0,0,0,0,0,0,0,0,0,0,0,0,0,0,1,0,0,1,0,0
300359331,Cherokee,southern,SH-82,State Highway,0,0.0,0.0,property_damage,0.0,0,0.0,0.0,0.0,F-O EMBANKMENT,FIXED-OBJECT,35.6568601,-94.9515418,2018,2018-04-21,17.32,1,0,N,       ,Y,N,1,Rain,Daylight,2.0,19,0,Roadway Departure Left,1,N,0.0,D,2.0,50.0,M,Y,1.0,Drinking - Ability Impaired,4.0,0,0,0,Alcohol-DUI/DWI,Alcohol-DUI/DWI,0,1,0,0,0,0,0,0,0,0,0,0,0,0,0,0,0,0,0,0,0,0,0,0,0,0,0,0,0,0,0,0,0,0,1,0,0
300359338,Cherokee,southern,SH-51,State Highway,0,0.0,0.0,property_damage,0.0,0,0.0,0.0,0.0,F-O UTIL-POLE,FIXED-OBJECT,35.9178368,-94.8356553,2018,2018-05-03,7.44,1,0,N,       ,N,N,0,Rain,Daylight,2.0,20,0,Roadway Departure Right,0,N,0.0,D,1.0,21.0,M,Y,1.0,Apparently Normal,4.0,0,0,0,Unsafe Speed,Rain or Wet Roadway,0,0,0,0,0,0,0,0,0,0,0,0,0,0,0,0,0,0,0,0,0,0,0,0,0,0,0,0,0,0,0,1,0,0,1,0,0
300359341,Cherokee,southern,SH-82,State Highway,0,1.0,0.0,non_incapacitating_injury,2.0,0,0.0,2.0,1.0,ANGLE-TURNING,ANGLE-TURNING,35.9659481,-94.9667733,2018,2018-05-03,12.54,2,0,N,       ,N,N,0,Rain,Daylight,2.0,7,0,Roadway Departure Left,0,N,0.0,D,4.0,79.0,M,Y,3.0,Apparently Normal,1.0,1,0,0,Failed to Yield,Other,0,0,0,0,0,0,0,0,0,0,0,0,0,0,0,1,0,0,0,0,0,0,0,0,0,0,0,0,0,0,0,0,0,0,1,0,0
300359361,Mayes,northern,SH-20,State Highway,0,0.0,0.0,property_damage,0.0,0,0.0,0.0,0.0,F-O TRAFF-SIGN,FIXED-OBJECT,36.3063764,-95.415796,2018,2018-04-25,8.37,1,0,N,       ,N,N,0,Rain,Daylight,2.0,20,0,Roadway Departure Right,0,N,0.0,D,1.0,19.0,M,Y,1.0,Apparently Normal,4.0,0,1,0,Unsafe Speed,Rain or Wet Roadway,0,0,0,0,0,0,0,0,0,0,0,0,0,0,0,0,0,0,0,0,0,0,0,0,0,0,0,0,0,0,0,1,0,0,1,0,0
300359743,Sequoyah,southern,US-64,US Route,1,21.0,0.0,property_damage,0.0,0,0.0,0.0,0.0,ANGLE-TURNING,ANGLE-TURNING,35.4022194,-94.448028,2018,2018-05-03,14.25,2,0,N,       ,N,N,0,Rain,Daylight,2.0,7,0,No Roadway Departure,0,N,0.0,D,4.0,74.0,M,Y,1.0,Apparently Normal,4.0,1,0,0,Improper Turn,In Front of Oncoming Traffic,0,0,0,0,0,0,0,0,0,0,0,0,0,0,0,0,0,0,0,0,0,0,1,0,0,0,0,0,0,0,0,0,0,0,1,0,0
300359996,Rogers,tulsa,I-44,Interstate,0,72.0,0.0,possible_injury,0.0,0,0.0,0.0,1.0,REAR-END,REAR-END,36.162479,-95.7654572,2018,2018-04-25,8.0,2,0,N,       ,N,N,0,Rain,Daylight,2.0,2,0,No Roadway Departure,0,N,0.0,D,2.0,27.0,M,Y,2.0,Apparently Normal,4.0,0,0,0,No Improper Action by Driver,No Improper Action by Driver,0,0,0,0,0,0,0,0,0,0,0,0,0,0,0,0,0,0,0,0,0,0,0,0,0,0,1,0,0,0,0,0,0,0,1,0,0
300360487,Rogers,northern,I-44,Turnpike Interstate,0,10.0,0.0,property_damage,0.0,0,0.0,0.0,0.0,F-O GUARDRL-FACE,FIXED-OBJECT,36.2081432,-95.701856,2018,2018-05-03,10.19,1,0,N,       ,N,N,0,Rain,Daylight,2.0,20,0,Roadway Departure Right,0,N,0.0,D,1.0,43.0,M,Y,1.0,Apparently Normal,4.0,0,0,0,Unsafe Speed,For Traffic Conditions,0,0,0,0,0,0,0,0,0,0,0,0,0,0,0,0,0,0,0,0,0,0,0,0,0,0,0,0,0,0,0,1,0,0,1,0,0
300360497,Ottawa,northern,I-44,Turnpike Interstate,0,0.0,0.0,non_incapacitating_injury,1.0,0,0.0,1.0,0.0,F-O BARR-CONCRETE,FIXED-OBJECT,36.8180703,-94.8722085,2018,2018-05-03,6.4,1,0,N,       ,N,N,0,Rain,Dawn,2.0,19,0,Roadway Departure Right,0,N,0.0,D,20.0,23.0,M,Y,3.0,Apparently Normal,4.0,0,0,0,Unsafe Speed,Rain or Wet Roadway,0,0,0,0,0,0,0,0,0,0,0,0,0,0,0,0,0,0,0,0,0,0,0,0,0,0,0,0,0,0,0,1,0,0,1,1,0
300360545,Sequoyah,southern,I-40,Interstate,0,0.0,0.0,property_damage,0.0,0,0.0,0.0,0.0,SIDESWIPE-SAME,SIDESWIPE-SAME,35.4487139,-94.8171438,2018,2018-05-15,5.06,2,0,N,       ,N,N,0,Rain,Dark / Unlighted,2.0,16,0,Roadway Departure Left,0,N,0.0,D,2.0,22.0,M,Y,1.0,Apparently Normal,4.0,0,0,0,Unsafe Speed,Rain or Wet Roadway,0,0,0,0,0,0,0,0,0,0,0,0,0,0,0,0,0,0,0,0,0,0,0,0,0,0,0,0,0,0,0,1,0,0,1,1,0