crash_id,county,region,highway_name,highway_class,intersection_rel,special_feature_1,special_feature_2,severity_level,visual_injured_num,fatal_num,suspected_serious_injured_num,non_incapacitated_injured_num,possibly_injured_num,crash_type,main_crash_type,latitude,longitude,year,date,time,number_of_vehicles,number_of_commercial_vehicles,work_zone,railroad_crossing,alcohol,drug,Alcohol or Drug,weather_condition,lighting_condition,road_condition,manner_of_collision,pedestrians_num,roadway_departure,cross_centerline,hit_and_run,emergency_vehicle_use,unit_type,vehicle_type,age,sex,driver_of_vehicle,injury_severity,person_condition,restraint_use,older_driver,teen_driver,Sleepy/Ill/Dizzy Driver,unsafe_unlaw_category,unsafe_unlaw_desc,Abnormal Traffic Control,Alcohol-DUI/DWI,Animal in Roadway,Apparently Sleepy,Avoiding Other Vehicle,Avoiding Pedestrian,Changed Lanes Unsafely,Deer in Roadway,Defect in Roadway,Disregarded Warning Signal,Domestic Animal in Roadway,Drug-DUI,Failed to Secure Load,Failed to Signal,Failed to Stop,Failed to Yield,Followed too Closely,Improper Backing,Improper Bicyclist Action,Improper Overtaking,Improper Parking,Improper Start From,Improper Turn,Improper Use of Lane,Distraction,Left of Center,No Improper Action by Driver,Object/Debris in Roadway,Other Improper Act/Movement,Pedestrian Action,Stopped in Traffic Lane,Speeding,Unsafe Vehicle,Wrong Way,Bad Weather,Bad Lighting,Bad Road Condition
300392211,Muskogee,southern,US-64,US Route,1,0.0,0.0,property_damage,0.0,0,0.0,0.0,0.0,RIGHT-ANGLE,RIGHT-ANGLE,35.5661275,-95.3116378,2018,2018-12-08,13.47,2,0,N,       ,Y,N,1,Rain,Daylight,2.0,1.0,0,Roadway Departure Left,0,N,0.0,D,2.0,38.0,F,Y,1.0,Odor of Alcohol Beverage,4.0,0,0,0,Failed to Yield,From Stop Sign,0,0,0,0,0,0,0,0,0,0,0,0,0,0,0,1,0,0,0,0,0,0,0,0,0,0,0,0,0,0,0,0,0,0,1,0,0
300392286,McIntosh,southern,I-40,Interstate,0,0.0,0.0,property_damage,0.0,0,0.0,0.0,0.0,F-O BARR-CABLE,FIXED-OBJECT,35.4574273,-95.434818,2018,2018-12-14,0.0,1,0,N,       ,N,N,0,Rain,Daylight,2.0,19.0,0,Roadway Departure Left,0,N,0.0,D,2.0,19.0,F,Y,1.0,Apparently Normal,4.0,0,1,0,No Improper Action by Driver,No Improper Action by Driver,0,0,0,0,0,0,0,0,0,0,0,0,0,0,0,0,0,0,0,0,0,0,0,0,0,0,1,0,0,0,0,0,0,0,1,0,0
300392409,Tulsa,tulsa,SH-11,State Highway,0,0.0,0.0,property_damage,0.0,0,0.0,0.0,0.0,F-O BARR-CABLE,FIXED-OBJECT,36.1991606,-95.9283685,2018,2018-12-13,15.11,1,0,N,       ,N,N,0,Rain,Daylight,2.0,19.0,0,Roadway Departure Left,0,N,0.0,D,3.0,36.0,M,Y,1.0,Apparently Normal,4.0,0,0,0,Unsafe Speed,Rain or Wet Roadway,0,0,0,0,0,0,0,0,0,0,0,0,0,0,0,0,0,0,0,0,0,0,0,0,0,0,0,0,0,0,0,1,0,0,1,0,0
300392482,Adair,southern,,County Road,0,0.0,0.0,possible_injury,0.0,0,0.0,0.0,1.0,F-O TREE,FIXED-OBJECT,35.9733,-94.5906,2018,2018-12-13,9.46,1,0,N,       ,N,N,0,Rain,Daylight,2.0,20.0,0,Roadway Departure Right,0,N,0.0,D,4.0,18.0,M,Y,1.0,Apparently Normal,4.0,0,1,0,Unsafe Speed,Rain or Wet Roadway,0,0,0,0,0,0,0,0,0,0,0,0,0,0,0,0,0,0,0,0,0,0,0,0,0,0,0,0,0,0,0,1,0,0,1,0,0
300392483,Adair,southern,US-59,US Route,1,0.0,0.0,property_damage,0.0,0,0.0,0.0,0.0,ANGLE-TURNING,ANGLE-TURNING,36.016802,-94.5833877,2018,2018-12-14,14.39,2,0,N,       ,N,N,0,Rain,Daylight,2.0,13.0,0,No Roadway Departure,0,N,0.0,D,2.0,29.0,M,Y,1.0,Apparently Normal,4.0,0,0,0,Inattention,Other Distraction Inside Vehicle,0,0,0,0,0,0,0,0,0,0,0,0,0,0,0,0,0,0,0,0,0,0,0,0,1,0,0,0,0,0,0,0,0,0,1,0,0
300392485,Cherokee,southern,,County Road,0,99.0,80.0,property_damage,0.0,0,0.0,0.0,0.0,F-O FENCE,FIXED-OBJECT,35.8707,-94.9636,2018,2018-12-13,15.35,1,0,N,       ,N,N,0,Rain,Daylight,2.0,20.0,0,Roadway Departure Right,0,N,0.0,D,20.0,32.0,M,Y,1.0,Apparently Normal,4.0,0,0,0,Unsafe Speed,Rain or Wet Roadway,0,0,0,0,0,0,0,0,0,0,0,0,0,0,0,0,0,0,0,0,0,0,0,0,0,0,0,0,0,0,0,1,0,0,1,0,0
300392487,Delaware,northern,,County Road,0,99.0,80.0,property_damage,0.0,0,0.0,0.0,0.0,F-O TREE,FIXED-OBJECT,36.5503,-94.8896,2018,2018-12-13,17.0,1,0,N,       ,N,N,0,Rain,Dark / Unlighted,2.0,19.0,0,Roadway Departure Left,0,N,0.0,D,2.0,52.0,F,Y,1.0,Apparently Normal,4.0,0,0,0,Unsafe Speed,Other,0,0,0,0,0,0,0,0,0,0,0,0,0,0,0,0,0,0,0,0,0,0,0,0,0,0,0,0,0,0,0,1,0,0,1,1,0
300392594,Sequoyah,southern,I-40,Interstate,0,0.0,0.0,property_damage,0.0,0,0.0,0.0,0.0,F-O GUARDRL-END,FIXED-OBJECT,35.4506881,-94.7565106,2018,2018-12-14,13.24,1,1,N,       ,N,N,0,Rain,Daylight,2.0,19.0,0,Roadway Departure Left,0,N,0.0,D,8.0,61.0,M,Y,1.0,Apparently Normal,4.0,0,0,0,Unsafe Speed,Rain or Wet Roadway,0,0,0,0,0,0,0,0,0,0,0,0,0,0,0,0,0,0,0,0,0,0,0,0,0,0,0,0,0,0,0,1,0,0,1,0,0
300392607,Rogers,northern,I-44,Turnpike Interstate,0,0.0,0.0,property_damage,0.0,0,0.0,0.0,0.0,F-O BARR-CONCRETE,FIXED-OBJECT,36.3477922,-95.4696172,2018,2018-12-13,15.38,1,0,N,       ,N,N,0,Rain,Daylight,2.0,19.0,0,Roadway Departure Left,0,N,0.0,D,20.0,19.0,F,Y,1.0,Apparently Normal,4.0,0,1,0,Unsafe Speed,Rain or Wet Roadway,0,0,0,0,0,0,0,0,0,0,0,0,0,0,0,0,0,0,0,0,0,0,0,0,0,0,0,0,0,0,0,1,0,0,1,0,0
300392608,Muskogee,southern,I-40,Interstate,0,0.0,0.0,property_damage,0.0,0,0.0,0.0,0.0,SIDESWIPE-SAME,SIDESWIPE-SAME,35.4837485,-95.1051248,2018,2018-12-14,13.38,2,0,N,       ,N,N,0,Rain,Daylight,2.0,16.0,0,Fixed Object,0,N,0.0,D,2.0,24.0,M,Y,1.0,Apparently Normal,4.0,0,0,0,Unsafe Speed,Rain or Wet Roadway,0,0,0,0,0,0,0,0,0,0,0,0,0,0,0,0,0,0,0,0,0,0,0,0,0,0,0,0,0,0,0,1,0,0,1,0,0
300392733,Muskogee,southern,MUSTPK,Turnpike,0,75.0,8.0,property_damage,0.0,0,0.0,0.0,0.0,F-O SAND-BARRELS,FIXED-OBJECT,35.7127504,-95.3095999,2018,2018-12-13,10.43,1,0,N,       ,N,N,0,Rain,Daylight,2.0,19.0,0,Roadway Departure Left,0,N,0.0,D,4.0,47.0,F,Y,1.0,Apparently Normal,4.0,0,0,0,Unsafe Speed,Rain or Wet Roadway,0,0,0,0,0,0,0,0,0,0,0,0,0,0,0,0,0,0,0,0,0,0,0,0,0,0,0,0,0,0,0,1,0,0,1,0,0
300392759,Rogers,northern,SH-20,State Highway,0,0.0,0.0,non_incapacitating_injury,4.0,0,0.0,4.0,0.0,HEAD-ON,HEAD-ON,36.3089418,-95.7133306,2018,2018-09-21,18.39,2,0,N,       ,N,N,0,Rain,Daylight,2.0,18.0,0,No Roadway Departure,0,N,0.0,D,20.0,22.0,F,Y,3.0,Apparently Normal,4.0,0,0,0,Unsafe Speed,Rain or Wet Roadway,0,0,0,0,0,0,0,0,0,0,0,0,0,0,0,0,0,0,0,0,0,0,0,0,0,0,0,0,0,0,0,1,0,0,1,0,0
300392760,Nowata,northern,US-169,US Route,0,0.0,0.0,non_incapacitating_injury,1.0,0,0.0,1.0,0.0,F-O FENCE,FIXED-OBJECT,36.6816252,-95.6309777,2018,2018-12-13,14.5,1,1,N,       ,N,N,0,Rain,Daylight,2.0,20.0,0,Roadway Departure Right,0,N,0.0,D,10.0,24.0,M,Y,3.0,Apparently Normal,4.0,0,0,0,Followed too Closely,Weather Condition,0,0,0,0,0,0,0,0,0,0,0,0,0,0,0,0,1,0,0,0,0,0,0,0,0,0,0,0,0,0,0,0,0,0,1,0,0
300392766,Rogers,northern,,County Road,0,0.0,0.0,possible_injury,0.0,0,0.0,0.0,1.0,ROLLOVER,ROLLOVER,36.3761,-95.4897,2018,2018-11-01,11.02,1,0,N,       ,N,N,0,Rain,Daylight,2.0,20.0,0,Roadway Departure Right,0,N,0.0,D,2.0,17.0,F,Y,2.0,Apparently Normal,4.0,0,1,0,Inattention,Other Distraction Inside Vehicle,0,0,0,0,0,0,0,0,0,0,0,0,0,0,0,0,0,0,0,0,0,0,0,0,1,0,0,0,0,0,0,0,0,0,1,0,0
300393103,Washington,northern,,County Road,0,99.0,80.0,property_damage,0.0,0,0.0,0.0,0.0,F-O TRAFF-SIGN,FIXED-OBJECT,36.5277,-95.9863,2018,2018-12-19,7.03,1,0,N,       ,N,N,0,Fog/Smoke,Dark / Unlighted,2.0,20.0,0,Roadway Departure Right,0,N,0.0,D,20.0,37.0,M,Y,1.0,Apparently Normal,4.0,0,0,0,Unsafe Speed,On Curve/Turn,0,0,0,0,0,0,0,0,0,0,0,0,0,0,0,0,0,0,0,0,0,0,0,0,0,0,0,0,0,0,0,1,0,0,1,1,0
300393110,Mayes,northern,US412A,US Route,0,0.0,0.0,property_damage,0.0,0,0.0,0.0,0.0,F-O OTHER,FIXED-OBJECT,36.2209549,-95.0804465,2018,2018-12-13,9.1,1,0,N,       ,N,N,0,Rain,Daylight,2.0,20.0,0,Roadway Departure Right,0,N,0.0,D,2.0,39.0,F,Y,1.0,Apparently Normal,4.0,0,0,0,Unsafe Speed,Rain or Wet Roadway,0,0,0,0,0,0,0,0,0,0,0,0,0,0,0,0,0,0,0,0,0,0,0,0,0,0,0,0,0,0,0,1,0,0,1,0,0
300393197,Tulsa,northern,US-75,US Route,1,0.0,0.0,property_damage,0.0,0,0.0,0.0,0.0,RIGHT-ANGLE,RIGHT-ANGLE,36.3367195,-95.9239843,2018,2018-12-13,19.29,2,0,N,       ,N,N,0,Rain,Dark / Unlighted,2.0,1.0,0,No Roadway Departure,0,N,0.0,D,2.0,17.0,M,Y,1.0,Apparently Normal,4.0,0,1,0,Failed to Yield,From Stop Sign,0,0,0,0,0,0,0,0,0,0,0,0,0,0,0,1,0,0,0,0,0,0,0,0,0,0,0,0,0,0,0,0,0,0,1,1,0
300393387,Rogers,northern,I-44,Turnpike Interstate,0,0.0,0.0,non_incapacitating_injury,1.0,0,0.0,1.0,0.0,F-O BARR-CONCRETE,FIXED-OBJECT,36.2042732,-95.7064419,2018,2018-12-13,5.52,1,0,N,       ,N,N,0,Rain,Dark / Unlighted,2.0,19.0,0,Roadway Departure Left,0,N,0.0,D,2.0,26.0,F,Y,3.0,Apparently Normal,4.0,0,0,0,Unsafe Speed,Rain or Wet Roadway,0,0,0,0,0,0,0,0,0,0,0,0,0,0,0,0,0,0,0,0,0,0,0,0,0,0,0,0,0,0,0,1,0,0,1,1,0
300393425,Mayes,northern,SH-20,State Highway,0,0.0,0.0,property_damage,0.0,0,0.0,0.0,0.0,ROLLOVER,ROLLOVER,36.3175003,-95.1234633,2018,2018-12-13,12.34,1,0,N,       ,N,N,0,Rain,Daylight,2.0,20.0,0,Roadway Departure Right,0,N,0.0,D,20.0,35.0,F,Y,1.0,Apparently Normal,4.0,0,0,0,Unsafe Speed,Rain or Wet Roadway,0,0,0,0,0,0,0,0,0,0,0,0,0,0,0,0,0,0,0,0,0,0,0,0,0,0,0,0,0,0,0,1,0,0,1,0,0
300393606,Delaware,northern,US-59,US Route,0,0.0,0.0,property_damage,0.0,0,0.0,0.0,0.0,REAR-END,REAR-END,36.374966,-94.817461,2018,2018-12-13,15.56,2,0,N,       ,N,N,0,Rain,Daylight,2.0,3.0,0,Roadway Departure Left,0,N,0.0,D,4.0,30.0,M,Y,1.0,Apparently Normal,4.0,0,0,0,Unsafe Speed,Rain or Wet Roadway,0,0,0,0,0,0,0,0,0,0,0,0,0,0,0,0,0,0,0,0,0,0,0,0,0,0,0,0,0,0,0,1,0,0,1,0,0
300393753,Ottawa,northern,,County Road,0,99.0,80.0,property_damage,0.0,0,0.0,0.0,0.0,F-O UTIL-POLE,FIXED-OBJECT,36.6956,-94.8013,2018,2018-12-13,18.49,1,0,N,       ,N,N,0,Rain,Dark / Unlighted,2.0,20.0,0,Roadway Departure Right,0,Y,0.0,D,4.0,39.0,M,Y,1.0,Apparently Normal,4.0,0,0,0,Unsafe Speed,Rain or Wet Roadway,0,0,0,0,0,0,0,0,0,0,0,0,0,0,0,0,0,0,0,0,0,0,0,0,0,0,0,0,0,0,0,1,0,0,1,1,0
300394042,Sequoyah,southern,I-40,Interstate,0,10.0,0.0,property_damage,0.0,0,0.0,0.0,0.0,F-O BR-RAIL,FIXED-OBJECT,35.4483866,-94.7464773,2018,2018-12-13,0.0,1,0,N,       ,N,N,0,Rain,Daylight,2.0,19.0,0,Roadway Departure Left,0,N,0.0,D,4.0,20.0,F,Y,1.0,Unknown,4.0,0,0,0,Unsafe Speed,Rain or Wet Roadway,0,0,0,0,0,0,0,0,0,0,0,0,0,0,0,0,0,0,0,0,0,0,0,0,0,0,0,0,0,0,0,1,0,0,1,0,0
300394098,Tulsa,tulsa,,City Street,1,0.0,0.0,possible_injury,0.0,0,0.0,0.0,1.0,REAR-END,REAR-END,36.2204806,-95.9889789,2018,2018-12-27,0.0,2,0,N,       ,N,N,0,Rain,Dark / Unlighted,2.0,3.0,0,No Roadway Departure,0,Y,0.0,D,20.0,0.0,M,Y,1.0,Unknown,99.0,0,0,0,Followed too Closely,Weather Condition,0,0,0,0,0,0,0,0,0,0,0,0,0,0,0,0,1,0,0,0,0,0,0,0,0,0,0,0,0,0,0,0,0,0,1,1,0
300394151,Cherokee,southern,SH-51,State Highway,0,0.0,0.0,possible_injury,0.0,0,0.0,0.0,1.0,ROLLOVER,ROLLOVER,35.9103561,-94.8322863,2018,2018-12-13,12.53,1,0,N,       ,N,N,0,Rain,Daylight,2.0,19.0,0,Roadway Departure Left,0,N,0.0,D,4.0,82.0,F,Y,2.0,Apparently Normal,4.0,1,0,0,Unsafe Speed,Rain or Wet Roadway,0,0,0,0,0,0,0,0,0,0,0,0,0,0,0,0,0,0,0,0,0,0,0,0,0,0,0,0,0,0,0,1,0,0,1,0,0
300394155,Adair,southern,US-59,US Route,0,0.0,0.0,non_incapacitating_injury,1.0,0,0.0,1.0,0.0,REAR-END,REAR-END,35.929301,-94.611789,2018,2018-12-14,15.26,2,0,N,       ,N,N,0,Rain,Daylight,2.0,3.0,0,No Roadway Departure,0,N,0.0,D,4.0,22.0,M,Y,1.0,Apparently Normal,4.0,0,0,0,Unsafe Speed,Rain or Wet Roadway,0,0,0,0,0,0,0,0,0,0,0,0,0,0,0,0,0,0,0,0,0,0,0,0,0,0,0,0,0,0,0,1,0,0,1,0,0
300394188,Tulsa,tulsa,I-244,Interstate,0,30.0,0.0,property_damage,0.0,0,0.0,0.0,0.0,REAR-END,REAR-END,36.1657371,-95.8541594,2018,2018-12-26,19.22,3,0,N,       ,N,N,0,Rain,Dark / Unknown Lighting,2.0,3.0,0,No Roadway Departure,0,Y,0.0,D,4.0,0.0,9,Y,1.0,Unknown,99.0,0,0,0,Unsafe Speed,For Traffic Conditions,0,0,0,0,0,0,0,0,0,0,0,0,0,0,0,0,0,0,0,0,0,0,0,0,0,0,0,0,0,0,0,1,0,0,1,0,0
300394241,Sequoyah,southern,I-40,Interstate,0,0.0,0.0,property_damage,0.0,0,0.0,0.0,0.0,F-O UTIL-POLE,FIXED-OBJECT,35.4480127,-94.8102901,2018,2018-12-13,0.0,1,0,N,       ,N,N,0,Rain,Daylight,2.0,20.0,0,Roadway Departure Right,0,N,0.0,D,2.0,67.0,F,Y,1.0,Unknown,4.0,1,0,0,Unsafe Speed,Rain or Wet Roadway,0,0,0,0,0,0,0,0,0,0,0,0,0,0,0,0,0,0,0,0,0,0,0,0,0,0,0,0,0,0,0,1,0,0,1,0,0
300394287,Mayes,northern,,County Road,1,0.0,0.0,non_incapacitating_injury,1.0,0,0.0,1.0,0.0,ROLLOVER,ROLLOVER,36.4813,-95.3997,2018,2018-12-26,21.16,1,0,N,       ,N,N,0,Rain,Dark / Unlighted,2.0,41.0,0,Roadway Departure Right,0,N,0.0,D,21.0,17.0,F,Y,3.0,Apparently Normal,4.0,0,1,0,Unsafe Speed,Rain or Wet Roadway,0,0,0,0,0,0,0,0,0,0,0,0,0,0,0,0,0,0,0,0,0,0,0,0,0,0,0,0,0,0,0,1,0,0,1,1,0
300394506,Craig,northern,I-44,Turnpike Interstate,0,0.0,0.0,property_damage,0.0,0,0.0,0.0,0.0,F-O OTHER,FIXED-OBJECT,36.6976609,-95.0010895,2018,2018-12-27,0.09,1,0,N,       ,N,N,0,Rain,Dark / Unlighted,2.0,20.0,0,Roadway Departure Right,0,N,0.0,D,23.0,58.0,M,Y,1.0,Apparently Normal,4.0,0,0,0,Unsafe Speed,Rain or Wet Roadway,0,0,0,0,0,0,0,0,0,0,0,0,0,0,0,0,0,0,0,0,0,0,0,0,0,0,0,0,0,0,0,1,0,0,1,1,0
300394570,Mayes,northern,I-44,Turnpike Interstate,0,0.0,0.0,possible_injury,0.0,0,0.0,0.0,1.0,F-O BARR-CONCRETE,FIXED-OBJECT,36.3930167,-95.4228988,2018,2018-12-31,0.05,1,0,N,       ,N,N,0,Rain,Dark / Unlighted,2.0,19.0,0,Roadway Departure Right,0,N,0.0,D,20.0,18.0,M,Y,1.0,Apparently Normal,4.0,0,1,0,Unsafe Speed,Rain or Wet Roadway,0,0,0,0,0,0,0,0,0,0,0,0,0,0,0,0,0,0,0,0,0,0,0,0,0,0,0,0,0,0,0,1,0,0,1,1,0
300394655,Rogers,northern,SH-66,State Highway,0,0.0,0.0,incapacitating_injury,2.0,0,1.0,1.0,1.0,REAR-END,REAR-END,36.3928545,-95.550053,2018,2018-11-30,20.43,2,0,N,       ,N,N,0,Rain,Dark / Unlighted,2.0,3.0,0,Roadway Departure Right,0,N,0.0,D,1.0,18.0,M,Y,2.0,Apparently Normal,4.0,0,1,0,Unsafe Speed,Rain or Wet Roadway,0,0,0,0,0,0,0,0,0,0,0,0,0,0,0,0,0,0,0,0,0,0,0,0,0,0,0,0,0,0,0,1,0,0,1,1,0
300394666,Rogers,northern,SH-66,State Highway,1,0.0,0.0,possible_injury,0.0,0,0.0,0.0,2.0,RIGHT-ANGLE,RIGHT-ANGLE,36.3417632,-95.5964478,2018,2018-11-30,7.22,2,0,N,       ,N,N,0,Fog/Smoke,Daylight,1.0,1.0,0,Roadway Departure Right,0,N,0.0,D,2.0,19.0,F,Y,2.0,Apparently Normal,4.0,0,1,0,Failed to Yield,From Stop Sign,0,0,0,0,0,0,0,0,0,0,0,0,0,0,0,1,0,0,0,0,0,0,0,0,0,0,0,0,0,0,0,0,0,0,1,0,0
300394667,Rogers,northern,SH-20,State Highway,1,0.0,0.0,property_damage,0.0,0,0.0,0.0,0.0,REAR-END,REAR-END,36.3074514,-95.6869633,2018,2018-12-13,15.32,2,0,N,       ,N,N,0,Rain,Daylight,2.0,2.0,0,No Roadway Departure,0,N,0.0,D,20.0,23.0,F,Y,1.0,Apparently Normal,4.0,0,0,0,Followed too Closely,Weather Condition,0,0,0,0,0,0,0,0,0,0,0,0,0,0,0,0,1,0,0,0,0,0,0,0,0,0,0,0,0,0,0,0,0,0,1,0,0
300394668,Rogers,northern,SH-20,State Highway,1,0.0,0.0,property_damage,0.0,0,0.0,0.0,0.0,F-O OTHER,FIXED-OBJECT,36.3073862,-95.6690377,2018,2018-11-30,21.41,1,0,N,       ,N,N,0,Rain,Dark / Unlighted,2.0,20.0,0,Roadway Departure Left,0,N,0.0,D,4.0,16.0,M,Y,1.0,Apparently Normal,4.0,0,1,0,Unsafe Speed,Rain or Wet Roadway,0,0,0,0,0,0,0,0,0,0,0,0,0,0,0,0,0,0,0,0,0,0,0,0,0,0,0,0,0,0,0,1,0,0,1,1,0
300394681,Rogers,northern,I-44,Interstate,0,31.0,0.0,non_incapacitating_injury,1.0,0,0.0,1.0,0.0,F-O TRAFF-SIGN,FIXED-OBJECT,36.1626831,-95.7540178,2018,2018-12-31,9.43,1,0,N,       ,N,N,0,Rain,Daylight,2.0,20.0,0,Roadway Departure Right,0,N,0.0,D,2.0,30.0,F,Y,3.0,Apparently Normal,4.0,0,0,0,Unsafe Speed,Rain or Wet Roadway,0,0,0,0,0,0,0,0,0,0,0,0,0,0,0,0,0,0,0,0,0,0,0,0,0,0,0,0,0,0,0,1,0,0,1,0,0
300394708,Ottawa,northern,US-60,US Route,0,0.0,0.0,non_incapacitating_injury,1.0,0,0.0,1.0,0.0,F-O CULVERT,FIXED-OBJECT,36.6852047,-94.9808641,2018,2018-12-26,3.26,1,0,N,       ,N,N,0,Rain,Dark / Unlighted,2.0,20.0,0,Roadway Departure Right,0,N,0.0,D,2.0,27.0,F,Y,3.0,Apparently Normal,4.0,0,0,0,Unsafe Speed,Rain or Wet Roadway,0,0,0,0,0,0,0,0,0,0,0,0,0,0,0,0,0,0,0,0,0,0,0,0,0,0,0,0,0,0,0,1,0,0,1,1,0
300394779,Cherokee,southern,SH-51,State Highway,0,0.0,0.0,incapacitating_injury,1.0,0,1.0,0.0,1.0,F-O TREE,FIXED-OBJECT,35.9369177,-95.2089481,2018,2018-12-07,14.1,1,0,N,       ,N,N,0,Fog/Smoke,Daylight,1.0,20.0,0,Roadway Departure Right,0,N,0.0,D,4.0,30.0,M,Y,2.0,Sleepy,99.0,0,0,1,Apparently Sleepy,Apparently Sleepy,0,0,0,1,0,0,0,0,0,0,0,0,0,0,0,0,0,0,0,0,0,0,0,0,0,0,0,0,0,0,0,0,0,0,1,0,0
300394877,Delaware,northern,SH-125,State Highway,0,0.0,0.0,property_damage,0.0,0,0.0,0.0,0.0,F-O TRAFF-SIGN,FIXED-OBJECT,36.6418181,-94.8559167,2018,2018-12-31,22.21,1,0,N,       ,N,N,0,Rain,Dark / Unlighted,2.0,19.0,0,Roadway Departure Left,0,N,0.0,D,2.0,57.0,M,Y,1.0,Apparently Normal,4.0,0,0,0,Unsafe Speed,Rain or Wet Roadway,0,0,0,0,0,0,0,0,0,0,0,0,0,0,0,0,0,0,0,0,0,0,0,0,0,0,0,0,0,0,0,1,0,0,1,1,0
300394984,Delaware,northern,,County Road,0,0.0,0.0,non_incapacitating_injury,1.0,0,0.0,1.0,0.0,F-O TREE,FIXED-OBJECT,36.2128,-94.9224,2019,2019-01-02,15.25,1,0,N,       ,N,N,0,Rain,Daylight,2.0,20.0,0,Roadway Departure Right,0,N,0.0,D,4.0,20.0,M,Y,3.0,Apparently Normal,4.0,0,0,0,Unsafe Speed,For Ice or Snow on Roadway,0,0,0,0,0,0,0,0,0,0,0,0,0,0,0,0,0,0,0,0,0,0,0,0,0,0,0,0,0,0,0,1,0,0,1,0,0
300394997,Sequoyah,southern,I-40,Interstate,0,0.0,0.0,property_damage,0.0,0,0.0,0.0,0.0,SIDESWIPE-SAME,SIDESWIPE-SAME,35.4862481,-94.9647186,2019,2019-01-03,10.45,2,1,N,       ,N,N,0,Rain,Daylight,2.0,16.0,0,No Roadway Departure,0,N,0.0,D,4.0,74.0,M,Y,1.0,Apparently Normal,4.0,1,0,0,Changed Lanes Unsafely,Changed Lanes Unsafely,0,0,0,0,0,0,1,0,0,0,0,0,0,0,0,0,0,0,0,0,0,0,0,0,0,0,0,0,0,0,0,0,0,0,1,0,0
300395158,Tulsa,tulsa,US-75,US Route,0,0.0,0.0,property_damage,0.0,0,0.0,0.0,0.0,F-O BARR-CABLE,FIXED-OBJECT,36.2216541,-95.9448378,2019,2019-01-03,14.3,1,0,N,       ,N,N,0,Rain,Daylight,2.0,19.0,0,Roadway Departure Left,0,N,0.0,D,2.0,18.0,F,Y,1.0,Apparently Normal,4.0,0,1,0,Unsafe Speed,Rain or Wet Roadway,0,0,0,0,0,0,0,0,0,0,0,0,0,0,0,0,0,0,0,0,0,0,0,0,0,0,0,0,0,0,0,1,0,0,1,0,0
300395370,Muskogee,southern,I-40,Interstate,0,0.0,0.0,property_damage,0.0,0,0.0,0.0,0.0,F-O GROUND,FIXED-OBJECT,35.4822836,-95.2616223,2019,2019-01-02,16.35,1,0,N,       ,N,N,0,Rain,Daylight,2.0,20.0,0,Roadway Departure Right,0,N,0.0,D,20.0,30.0,M,Y,0.0,Sleepy,4.0,0,0,1,Inattention,Other,0,0,0,0,0,0,0,0,0,0,0,0,0,0,0,0,0,0,0,0,0,0,0,0,1,0,0,0,0,0,0,0,0,0,1,0,0
300395376,Muskogee,southern,,County Road,0,0.0,0.0,non_incapacitating_injury,1.0,0,0.0,1.0,0.0,F-O TREE,FIXED-OBJECT,35.5685,-95.2095,2019,2019-01-04,0.04,1,0,N,       ,Y,N,1,Rain,Dark / Unlighted,2.0,19.0,0,Roadway Departure Left,1,N,0.0,D,2.0,23.0,F,Y,3.0,Drinking - Ability Impaired,4.0,0,0,0,Alcohol-DUI/DWI,Alcohol-DUI/DWI,0,1,0,0,0,0,0,0,0,0,0,0,0,0,0,0,0,0,0,0,0,0,0,0,0,0,0,0,0,0,0,0,0,0,1,1,0
300395407,Tulsa,northern,SH-20,State Highway,0,0.0,0.0,property_damage,0.0,0,0.0,0.0,0.0,F-O GUARDRL-FACE,FIXED-OBJECT,36.365931,-95.9832846,2018,2018-12-30,23.58,1,0,N,       ,N,N,0,Rain,Dark / Unlighted,2.0,19.0,0,Roadway Departure Left,0,N,0.0,D,2.0,17.0,M,Y,1.0,Sleepy,4.0,0,1,1,Apparently Sleepy,Apparently Sleepy,0,0,0,1,0,0,0,0,0,0,0,0,0,0,0,0,0,0,0,0,0,0,0,0,0,0,0,0,0,0,0,0,0,0,1,1,0
300395557,Wagoner,southern,SH-51,State Highway,0,0.0,0.0,non_incapacitating_injury,2.0,0,0.0,2.0,1.0,REAR-END,REAR-END,35.930617,-95.2695552,2019,2019-01-02,14.02,2,0,N,       ,N,N,0,Sleet/Hail/Freezing Rain,Daylight,3.0,2.0,0,Roadway Departure Right,0,N,0.0,D,2.0,44.0,M,Y,3.0,Unknown,1.0,0,0,0,Improper Overtaking,Other,0,0,0,0,0,0,0,0,0,0,0,0,0,0,0,0,0,0,0,1,0,0,0,0,0,0,0,0,0,0,0,0,0,0,1,0,1
300395615,Tulsa,tulsa,I-244,Interstate,0,30.0,0.0,property_damage,0.0,0,0.0,0.0,0.0,F-O GUARDRL-FACE,FIXED-OBJECT,36.1619912,-95.880685,2019,2019-01-03,4.27,1,0,N,       ,N,N,0,Sleet/Hail/Freezing Rain,Dark / Lighted,3.0,20.0,0,Roadway Departure Right,0,N,0.0,D,2.0,19.0,M,Y,1.0,Apparently Normal,4.0,0,1,0,Unsafe Speed,For Ice or Snow on Roadway,0,0,0,0,0,0,0,0,0,0,0,0,0,0,0,0,0,0,0,0,0,0,0,0,0,0,0,0,0,0,0,1,0,0,1,0,1
300395616,Tulsa,tulsa,SH-11,State Highway,0,0.0,0.0,possible_injury,0.0,0,0.0,0.0,1.0,OTHER,OTHER,36.2206129,-95.9756515,2019,2019-01-02,19.57,1,0,N,       ,N,N,0,Sleet/Hail/Freezing Rain,Dark / Lighted,3.0,20.0,0,Roadway Departure Right,0,N,0.0,D,4.0,53.0,M,Y,2.0,Apparently Normal,4.0,0,0,0,Unsafe Speed,For Ice or Snow on Roadway,0,0,0,0,0,0,0,0,0,0,0,0,0,0,0,0,0,0,0,0,0,0,0,0,0,0,0,0,0,0,0,1,0,0,1,0,1