crash_id,county,region,highway_name,highway_class,intersection_rel,special_feature_1,special_feature_2,severity_level,visual_injured_num,fatal_num,suspected_serious_injured_num,non_incapacitated_injured_num,possibly_injured_num,crash_type,main_crash_type,latitude,longitude,year,date,time,number_of_vehicles,number_of_commercial_vehicles,work_zone,railroad_crossing,alcohol,drug,Alcohol or Drug,weather_condition,lighting_condition,road_condition,manner_of_collision,pedestrians_num,roadway_departure,cross_centerline,hit_and_run,emergency_vehicle_use,unit_type,vehicle_type,age,sex,driver_of_vehicle,injury_severity,person_condition,restraint_use,older_driver,teen_driver,Sleepy/Ill/Dizzy Driver,unsafe_unlaw_category,unsafe_unlaw_desc,Abnormal Traffic Control,Alcohol-DUI/DWI,Animal in Roadway,Apparently Sleepy,Avoiding Other Vehicle,Avoiding Pedestrian,Changed Lanes Unsafely,Deer in Roadway,Defect in Roadway,Disregarded Warning Signal,Domestic Animal in Roadway,Drug-DUI,Failed to Secure Load,Failed to Signal,Failed to Stop,Failed to Yield,Followed too Closely,Improper Backing,Improper Bicyclist Action,Improper Overtaking,Improper Parking,Improper Start From,Improper Turn,Improper Use of Lane,Distraction,Left of Center,No Improper Action by Driver,Object/Debris in Roadway,Other Improper Act/Movement,Pedestrian Action,Stopped in Traffic Lane,Speeding,Unsafe Vehicle,Wrong Way,Bad Weather,Bad Lighting,Bad Road Condition
300412308,Mayes,northern,SH-82,State Highway,0,0.0,0.0,non_incapacitating_injury,1.0,0,0.0,1.0,0.0,REAR-END,REAR-END,36.1874915,-95.1594629,2019,2019-05-03,15.42,2,0,N,       ,N,N,0,Rain,Daylight,2.0,2.0,0,No Roadway Departure,0,N,0.0,D,2.0,27.0,F,Y,1.0,Apparently Normal,4.0,0,0,0,Unsafe Speed,Rain or Wet Roadway,0,0,0,0,0,0,0,0,0,0,0,0,0,0,0,0,0,0,0,0,0,0,0,0,0,0,0,0,0,0,0,1,0,0,1,0,0
300412312,Tulsa,tulsa,US-75,US Route,0,0.0,0.0,possible_injury,0.0,0,0.0,0.0,1.0,F-O BARR-CABLE,FIXED-OBJECT,36.1894585,-95.9589603,2019,2019-04-24,6.52,1,0,N,       ,N,N,0,Rain,Dawn,2.0,20.0,0,Fixed Object,0,N,0.0,D,2.0,23.0,F,Y,2.0,Apparently Normal,4.0,0,0,0,No Improper Action by Driver,No Improper Action by Driver,0,0,0,0,0,0,0,0,0,0,0,0,0,0,0,0,0,0,0,0,0,0,0,0,0,0,1,0,0,0,0,0,0,0,1,1,0
300412317,Washington,northern,US-75,US Route,0,71.0,0.0,non_incapacitating_injury,3.0,0,0.0,3.0,1.0,REAR-END,REAR-END,36.5488541,-95.9290499,2019,2019-05-03,14.48,3,0,N,       ,N,N,0,Rain,Daylight,2.0,3.0,0,Roadway Departure Right,0,N,0.0,D,4.0,65.0,M,Y,3.0,Apparently Normal,1.0,1,0,0,Unsafe Speed,Rain or Wet Roadway,0,0,0,0,0,0,0,0,0,0,0,0,0,0,0,0,0,0,0,0,0,0,0,0,0,0,0,0,0,0,0,1,0,0,1,0,0
300412567,Tulsa,tulsa,,City Street,5,0.0,0.0,property_damage,0.0,0,0.0,0.0,0.0,SIDESWIPE-SAME,SIDESWIPE-SAME,36.20640151,-95.9403299,2019,2019-01-12,0.0,2,0,N,       ,N,N,0,Rain,Dark / Lighted,2.0,16.0,0,No Roadway Departure,0,Y,0.0,D,20.0,0.0,9,Y,1.0,Unknown,99.0,0,0,0,Changed Lanes Unsafely,Changed Lanes Unsafely,0,0,0,0,0,0,1,0,0,0,0,0,0,0,0,0,0,0,0,0,0,0,0,0,0,0,0,0,0,0,0,0,0,0,1,0,0
300412580,Muskogee,southern,SH-2,State Highway,0,0.0,0.0,fatal,3.0,1,1.0,2.0,1.0,HEAD-ON,HEAD-ON,35.4655247,-95.2938647,2019,2019-05-03,15.45,2,0,N,       ,N,N,0,Rain,Daylight,2.0,18.0,0,Roadway Departure Right,0,N,0.0,D,2.0,83.0,M,Y,5.0,Unknown,99.0,1,0,0,Left of Center,In Meeting,0,0,0,0,0,0,0,0,0,0,0,0,0,0,0,0,0,0,0,0,0,0,0,0,0,1,0,0,0,0,0,0,0,0,1,0,0
300412725,Rogers,northern,US-412,US Route,0,0.0,0.0,property_damage,0.0,0,0.0,0.0,0.0,F-O TREE,FIXED-OBJECT,36.1622565,-95.7166713,2019,2019-05-03,14.3,1,0,N,       ,N,N,0,Rain,Daylight,2.0,20.0,0,Roadway Departure Right,0,N,0.0,D,2.0,28.0,M,Y,1.0,Apparently Normal,4.0,0,0,0,Unsafe Speed,Rain or Wet Roadway,0,0,0,0,0,0,0,0,0,0,0,0,0,0,0,0,0,0,0,0,0,0,0,0,0,0,0,0,0,0,0,1,0,0,1,0,0
300412731,Cherokee,southern,,County Road,1,99.0,80.0,property_damage,0.0,0,0.0,0.0,0.0,ANGLE-TURNING,ANGLE-TURNING,35.7922,-94.9628,2019,2019-05-03,17.39,2,0,N,       ,N,N,0,Rain,Daylight,2.0,6.0,0,Roadway Departure Left,0,N,0.0,D,2.0,17.0,M,Y,0.0,Apparently Normal,4.0,0,1,0,Failed to Yield,From Stop Sign,0,0,0,0,0,0,0,0,0,0,0,0,0,0,0,1,0,0,0,0,0,0,0,0,0,0,0,0,0,0,0,0,0,0,1,0,0
300412748,Rogers,northern,SH-20,State Highway,1,0.0,0.0,non_incapacitating_injury,4.0,0,0.0,4.0,1.0,RIGHT-ANGLE,RIGHT-ANGLE,36.3218976,-95.794289,2019,2019-04-13,20.43,2,0,N,       ,N,N,0,Rain,Dark / Unlighted,2.0,1.0,0,Roadway Departure Right,0,N,0.0,D,21.0,34.0,M,Y,2.0,Apparently Normal,4.0,0,0,0,Failed to Yield,From Stop Sign,0,0,0,0,0,0,0,0,0,0,0,0,0,0,0,1,0,0,0,0,0,0,0,0,0,0,0,0,0,0,0,0,0,0,1,1,0
300412782,Tulsa,tulsa,,City Street,7,99.0,80.0,property_damage,0.0,0,0.0,0.0,0.0,REAR-END,REAR-END,36.17686769,-95.9582451,2019,2019-05-03,16.17,2,1,N,       ,N,N,0,Rain,Daylight,2.0,3.0,0,No Roadway Departure,0,N,0.0,D,10.0,29.0,M,Y,1.0,Apparently Normal,4.0,0,0,0,Other Improper Act/Movement,Other,0,0,0,0,0,0,0,0,0,0,0,0,0,0,0,0,0,0,0,0,0,0,0,0,0,0,0,0,1,0,0,0,0,0,1,0,0
300412871,Mayes,northern,,County Road,0,99.0,80.0,property_damage,0.0,0,0.0,0.0,0.0,F-O OTHER,FIXED-OBJECT,36.1625,-95.3685,2019,2019-05-01,2.01,1,1,N,       ,N,N,0,Rain,Dark / Unlighted,2.0,19.0,0,Roadway Departure Left,0,N,0.0,D,10.0,49.0,M,Y,1.0,Apparently Normal,4.0,0,0,0,Improper Backing,Improper Backing,0,0,0,0,0,0,0,0,0,0,0,0,0,0,0,0,0,1,0,0,0,0,0,0,0,0,0,0,0,0,0,0,0,0,1,1,0
300412910,Delaware,northern,SH-10,State Highway,0,0.0,0.0,property_damage,0.0,0,0.0,0.0,0.0,F-O TRAFF-SIGN,FIXED-OBJECT,36.1834591,-94.7774064,2019,2019-05-08,8.2,1,0,N,       ,N,N,0,Rain,Daylight,2.0,20.0,0,Roadway Departure Right,0,N,0.0,D,2.0,18.0,F,Y,1.0,Apparently Normal,4.0,0,1,0,Unsafe Speed,Rain or Wet Roadway,0,0,0,0,0,0,0,0,0,0,0,0,0,0,0,0,0,0,0,0,0,0,0,0,0,0,0,0,0,0,0,1,0,0,1,0,0
300412961,Ottawa,northern,US-60,US Route,0,0.0,0.0,possible_injury,0.0,0,0.0,0.0,2.0,F-O TRAFF-SIGN,FIXED-OBJECT,36.782794,-94.7909574,2019,2019-04-30,13.28,1,1,N,       ,N,N,0,Rain,Daylight,2.0,20.0,0,Roadway Departure Right,0,N,0.0,D,8.0,57.0,M,Y,2.0,"Emotional (depressed, angry, disturbed, etc.)",4.0,0,0,0,Avoiding Other Vehicle,Avoiding Other Vehicle,0,0,0,0,1,0,0,0,0,0,0,0,0,0,0,0,0,0,0,0,0,0,0,0,0,0,0,0,0,0,0,0,0,0,1,0,0
300412978,Sequoyah,southern,I-40,Interstate,0,0.0,0.0,property_damage,0.0,0,0.0,0.0,0.0,F-O GUARDRL-END,FIXED-OBJECT,35.4540749,-94.8689603,2019,2019-05-08,7.3,1,0,N,       ,N,N,0,Rain,Daylight,2.0,20.0,0,Roadway Departure Right,0,N,0.0,D,2.0,32.0,F,Y,1.0,Apparently Normal,4.0,0,0,0,Unsafe Speed,Rain or Wet Roadway,0,0,0,0,0,0,0,0,0,0,0,0,0,0,0,0,0,0,0,0,0,0,0,0,0,0,0,0,0,0,0,1,0,0,1,0,0
300412983,Sequoyah,southern,I-40,Interstate,0,0.0,0.0,property_damage,0.0,0,0.0,0.0,0.0,F-O DITCH,FIXED-OBJECT,35.4172063,-94.5056752,2019,2019-05-08,10.12,1,0,N,       ,N,N,0,Rain,Daylight,2.0,20.0,0,Roadway Departure Right,0,N,0.0,D,20.0,57.0,M,Y,1.0,Apparently Normal,4.0,0,0,0,No Improper Action by Driver,No Improper Action by Driver,0,0,0,0,0,0,0,0,0,0,0,0,0,0,0,0,0,0,0,0,0,0,0,0,0,0,1,0,0,0,0,0,0,0,1,0,0
300413070,Cherokee,southern,SH-82,State Highway,0,0.0,0.0,possible_injury,0.0,0,0.0,0.0,2.0,F-O DITCH,FIXED-OBJECT,35.6413322,-94.9605417,2019,2019-05-07,12.56,1,0,N,       ,N,N,0,Rain,Daylight,2.0,20.0,0,Roadway Departure Right,0,N,0.0,D,20.0,30.0,F,Y,2.0,Apparently Normal,4.0,0,0,0,Unsafe Speed,Rain or Wet Roadway,0,0,0,0,0,0,0,0,0,0,0,0,0,0,0,0,0,0,0,0,0,0,0,0,0,0,0,0,0,0,0,1,0,0,1,0,0
300413071,Adair,southern,US-59,US Route,1,0.0,0.0,incapacitating_injury,3.0,0,1.0,2.0,0.0,ANGLE-TURNING,ANGLE-TURNING,36.057785,-94.5806617,2019,2019-05-08,7.49,2,0,N,       ,N,N,0,Rain,Daylight,2.0,6.0,0,Roadway Departure Right,0,N,0.0,D,2.0,16.0,F,Y,4.0,Apparently Normal,1.0,0,1,0,Failed to Yield,From Stop Sign,0,0,0,0,0,0,0,0,0,0,0,0,0,0,0,1,0,0,0,0,0,0,0,0,0,0,0,0,0,0,0,0,0,0,1,0,0
300413098,Delaware,northern,SH-127,State Highway,0,76.0,0.0,property_damage,0.0,0,0.0,0.0,0.0,ROLLOVER,ROLLOVER,36.4689605,-94.8353355,2019,2019-05-08,11.22,1,0,N,       ,N,N,0,Rain,Daylight,2.0,20.0,0,Roadway Departure Right,0,Y,0.0,D,20.0,0.0,9,Y,1.0,Unknown,99.0,0,0,0,Unsafe Speed,Rain or Wet Roadway,0,0,0,0,0,0,0,0,0,0,0,0,0,0,0,0,0,0,0,0,0,0,0,0,0,0,0,0,0,0,0,1,0,0,1,0,0
300413248,Ottawa,northern,,County Road,1,99.0,80.0,property_damage,0.0,0,0.0,0.0,0.0,RIGHT-ANGLE,RIGHT-ANGLE,36.8447,-94.9452,2019,2019-05-08,9.32,2,0,N,       ,N,N,0,Rain,Daylight,2.0,1.0,0,No Roadway Departure,0,N,0.0,D,4.0,78.0,M,Y,1.0,Apparently Normal,4.0,1,0,0,Failed to Yield,To Vehicle on Right,0,0,0,0,0,0,0,0,0,0,0,0,0,0,0,1,0,0,0,0,0,0,0,0,0,0,0,0,0,0,0,0,0,0,1,0,0
300413269,Rogers,tulsa,I-44,Interstate,0,0.0,0.0,possible_injury,0.0,0,0.0,0.0,1.0,REAR-END,REAR-END,36.1624037,-95.7708199,2019,2019-04-30,21.05,2,0,N,       ,N,N,0,Rain,Dark / Lighted,2.0,3.0,0,No Roadway Departure,0,N,0.0,D,4.0,33.0,M,Y,1.0,Apparently Normal,4.0,0,0,0,Followed too Closely,Weather Condition,0,0,0,0,0,0,0,0,0,0,0,0,0,0,0,0,1,0,0,0,0,0,0,0,0,0,0,0,0,0,0,0,0,0,1,0,0
300413407,Wagoner,southern,,County Road,0,99.0,80.0,property_damage,0.0,0,0.0,0.0,0.0,F-O OTHER,FIXED-OBJECT,35.8857,-95.2782,2019,2019-05-05,7.33,1,0,N,       ,N,N,0,Fog/Smoke,Dawn,1.0,20.0,0,Fixed Object,0,N,0.0,D,2.0,66.0,M,Y,1.0,Apparently Normal,1.0,1,0,0,Left of Center,Other,0,0,0,0,0,0,0,0,0,0,0,0,0,0,0,0,0,0,0,0,0,0,0,0,0,1,0,0,0,0,0,0,0,0,1,1,0
300413496,Sequoyah,southern,I-40,Interstate,0,0.0,0.0,property_damage,0.0,0,0.0,0.0,0.0,SIDESWIPE-SAME,SIDESWIPE-SAME,35.4883925,-95.0927139,2019,2019-05-11,4.15,2,1,N,       ,N,N,0,Rain,Dark / Unlighted,2.0,16.0,0,No Roadway Departure,0,N,0.0,D,8.0,29.0,M,Y,1.0,Apparently Normal,4.0,0,0,0,Other Improper Act/Movement,Other,0,0,0,0,0,0,0,0,0,0,0,0,0,0,0,0,0,0,0,0,0,0,0,0,0,0,0,0,1,0,0,0,0,0,1,1,0
300413541,Rogers,northern,US-412,US Route,0,0.0,0.0,property_damage,0.0,0,0.0,0.0,0.0,F-O TRAFF-SIGN,FIXED-OBJECT,36.1691201,-95.5321843,2019,2019-04-30,16.31,1,0,N,       ,N,N,0,Rain,Daylight,2.0,20.0,0,Roadway Departure Right,0,N,0.0,D,4.0,24.0,M,Y,1.0,Apparently Normal,4.0,0,0,0,Unsafe Vehicle,Tires,0,0,0,0,0,0,0,0,0,0,0,0,0,0,0,0,0,0,0,0,0,0,0,0,0,0,0,0,0,0,0,0,1,0,1,0,0
300413542,Rogers,northern,SH-88,State Highway,1,0.0,0.0,property_damage,0.0,0,0.0,0.0,0.0,F-O FENCE,FIXED-OBJECT,36.4378598,-95.6867256,2019,2019-04-30,1.3,1,0,N,       ,N,N,0,Rain,Dark / Unlighted,2.0,20.0,0,Roadway Departure Right,0,N,0.0,D,2.0,18.0,F,Y,1.0,Apparently Normal,4.0,0,1,0,Unsafe Speed,Rain or Wet Roadway,0,0,0,0,0,0,0,0,0,0,0,0,0,0,0,0,0,0,0,0,0,0,0,0,0,0,0,0,0,0,0,1,0,0,1,1,0
300413547,Rogers,northern,US-412,US Route,1,0.0,0.0,non_incapacitating_injury,1.0,0,0.0,1.0,0.0,ANGLE-TURNING,ANGLE-TURNING,36.1644472,-95.6544156,2019,2019-05-06,5.44,2,0,N,       ,N,N,0,Rain,Dark / Unlighted,2.0,7.0,0,Roadway Departure Right,0,N,0.0,D,20.0,72.0,M,Y,1.0,Apparently Normal,4.0,1,0,0,Failed to Yield,From Yield Sign,0,0,0,0,0,0,0,0,0,0,0,0,0,0,0,1,0,0,0,0,0,0,0,0,0,0,0,0,0,0,0,0,0,0,1,1,0
300413931,Rogers,northern,I-44,Turnpike Interstate,0,0.0,0.0,non_incapacitating_injury,1.0,0,0.0,1.0,0.0,F-O BARR-CONCRETE,FIXED-OBJECT,36.2316039,-95.6731058,2019,2019-04-30,19.43,1,0,N,       ,N,N,0,Rain,Dawn,7.0,19.0,0,Roadway Departure Right,0,N,0.0,D,20.0,27.0,M,Y,1.0,Apparently Normal,4.0,0,0,0,Unsafe Speed,Rain or Wet Roadway,0,0,0,0,0,0,0,0,0,0,0,0,0,0,0,0,0,0,0,0,0,0,0,0,0,0,0,0,0,0,0,1,0,0,1,1,1
300414043,Craig,northern,SH-66,State Highway,0,0.0,0.0,property_damage,0.0,0,0.0,0.0,0.0,F-O CULVERT,FIXED-OBJECT,36.6156682,-95.276222,2019,2019-05-11,8.33,2,0,N,       ,N,N,0,Rain,Daylight,2.0,19.0,0,Roadway Departure Left,0,N,0.0,D,21.0,57.0,M,Y,1.0,Apparently Normal,4.0,0,0,0,Unsafe Vehicle,Wheel,0,0,0,0,0,0,0,0,0,0,0,0,0,0,0,0,0,0,0,0,0,0,0,0,0,0,0,0,0,0,0,0,1,0,1,0,0
300414463,Washington,northern,SH-123,State Highway,0,0.0,0.0,non_incapacitating_injury,1.0,0,0.0,1.0,0.0,F-O TREE,FIXED-OBJECT,36.759436,-95.9662588,2019,2019-05-18,12.58,1,0,N,       ,N,N,0,Rain,Daylight,2.0,20.0,0,Roadway Departure Right,0,N,0.0,D,2.0,84.0,F,Y,3.0,Apparently Normal,4.0,1,0,0,Unsafe Speed,Rain or Wet Roadway,0,0,0,0,0,0,0,0,0,0,0,0,0,0,0,0,0,0,0,0,0,0,0,0,0,0,0,0,0,0,0,1,0,0,1,0,0
300414823,Rogers,northern,SH-66,State Highway,1,0.0,0.0,non_incapacitating_injury,1.0,0,0.0,1.0,1.0,RIGHT-ANGLE,RIGHT-ANGLE,36.4229038,-95.5321951,2019,2019-05-03,14.44,2,0,N,       ,N,N,0,Rain,Daylight,2.0,1.0,0,Roadway Departure Left,0,N,0.0,D,20.0,19.0,F,Y,3.0,Apparently Normal,4.0,0,1,0,Failed to Yield,From Stop Sign,0,0,0,0,0,0,0,0,0,0,0,0,0,0,0,1,0,0,0,0,0,0,0,0,0,0,0,0,0,0,0,0,0,0,1,0,0
300414824,Rogers,northern,I-44,Interstate,0,0.0,0.0,property_damage,0.0,0,0.0,0.0,0.0,F-O BARR-CABLE,FIXED-OBJECT,36.1629185,-95.7404332,2019,2019-05-14,7.55,1,0,N,       ,N,N,0,Rain,Daylight,2.0,19.0,0,Roadway Departure Left,0,N,0.0,D,20.0,39.0,F,Y,1.0,Apparently Normal,4.0,0,0,0,Inattention,Distraction from Outside Vehicle,0,0,0,0,0,0,0,0,0,0,0,0,0,0,0,0,0,0,0,0,0,0,0,0,1,0,0,0,0,0,0,0,0,0,1,0,0
300414825,Rogers,northern,US-412,US Route,1,0.0,0.0,property_damage,0.0,0,0.0,0.0,0.0,ANGLE-TURNING,ANGLE-TURNING,36.1644248,-95.6812411,2019,2019-05-03,18.15,2,0,N,       ,N,N,0,Rain,Daylight,2.0,12.0,0,Roadway Departure Right,0,N,0.0,D,2.0,64.0,F,Y,1.0,Apparently Normal,4.0,0,0,0,Failed to Yield,From Yield Sign,0,0,0,0,0,0,0,0,0,0,0,0,0,0,0,1,0,0,0,0,0,0,0,0,0,0,0,0,0,0,0,0,0,0,1,0,0
300414830,Craig,northern,I-44,Turnpike Interstate,0,0.0,0.0,property_damage,0.0,0,0.0,0.0,0.0,OTHER,OTHER,36.6526137,-95.1060933,2019,2019-04-30,18.36,2,1,N,       ,N,N,0,Rain,Daylight,2.0,33.0,0,Roadway Departure Right,0,N,0.0,D,8.0,57.0,F,Y,1.0,Apparently Normal,4.0,0,0,0,Unsafe Vehicle,Tires,0,0,0,0,0,0,0,0,0,0,0,0,0,0,0,0,0,0,0,0,0,0,0,0,0,0,0,0,0,0,0,0,1,0,1,0,0
300414831,Mayes,northern,I-44,Turnpike Interstate,0,0.0,0.0,property_damage,0.0,0,0.0,0.0,0.0,F-O BARR-CONCRETE,FIXED-OBJECT,36.4508382,-95.3656831,2019,2019-05-21,8.29,1,0,N,       ,N,N,0,Rain,Daylight,2.0,19.0,0,Roadway Departure Left,0,N,0.0,D,4.0,18.0,M,Y,1.0,Apparently Normal,4.0,0,1,0,Unsafe Speed,Rain or Wet Roadway,0,0,0,0,0,0,0,0,0,0,0,0,0,0,0,0,0,0,0,0,0,0,0,0,0,0,0,0,0,0,0,1,0,0,1,0,0
300414839,Tulsa,tulsa,,City Street,6,99.0,80.0,property_damage,0.0,0,0.0,0.0,0.0,ROLLOVER,ROLLOVER,36.177053,-95.86840757,2019,2019-05-20,9.4,1,0,N,       ,N,N,0,Rain,Daylight,2.0,37.0,0,Roadway Departure Left,0,N,0.0,D,4.0,42.0,M,Y,1.0,Apparently Normal,4.0,0,0,0,Unsafe Speed,Rain or Wet Roadway,0,0,0,0,0,0,0,0,0,0,0,0,0,0,0,0,0,0,0,0,0,0,0,0,0,0,0,0,0,0,0,1,0,0,1,0,0
300414846,Tulsa,tulsa,,City Street,1,0.0,0.0,property_damage,0.0,0,0.0,0.0,0.0,SIDESWIPE-SAME,SIDESWIPE-SAME,36.17711342,-95.95943995,2019,2019-05-18,14.3,2,0,N,       ,N,N,0,Rain,Daylight,2.0,16.0,0,No Roadway Departure,0,Y,0.0,D,2.0,0.0,9,Y,1.0,Unknown,99.0,0,0,0,Changed Lanes Unsafely,Changed Lanes Unsafely,0,0,0,0,0,0,1,0,0,0,0,0,0,0,0,0,0,0,0,0,0,0,0,0,0,0,0,0,0,0,0,0,0,0,1,0,0
300414847,Sequoyah,southern,I-40,Interstate,0,0.0,0.0,property_damage,0.0,0,0.0,0.0,0.0,F-O TREE,FIXED-OBJECT,35.4361587,-94.4757269,2019,2019-05-21,11.15,1,0,N,       ,N,N,0,Rain,Daylight,2.0,19.0,0,Roadway Departure Left,0,N,0.0,D,2.0,30.0,M,Y,1.0,Apparently Normal,4.0,0,0,0,Unsafe Speed,Rain or Wet Roadway,0,0,0,0,0,0,0,0,0,0,0,0,0,0,0,0,0,0,0,0,0,0,0,0,0,0,0,0,0,0,0,1,0,0,1,0,0
300414929,Delaware,northern,US-412,Turnpike,0,0.0,0.0,property_damage,0.0,0,0.0,0.0,0.0,F-O UTIL-POLE,FIXED-OBJECT,36.2121352,-94.9231383,2019,2019-05-20,16.58,1,0,N,       ,N,N,0,Rain,Daylight,2.0,20.0,0,Roadway Departure Right,0,N,0.0,D,4.0,68.0,M,Y,1.0,Sleepy,4.0,1,0,1,Apparently Sleepy,Apparently Sleepy,0,0,0,1,0,0,0,0,0,0,0,0,0,0,0,0,0,0,0,0,0,0,0,0,0,0,0,0,0,0,0,0,0,0,1,0,0
300415050,Tulsa,tulsa,,City Street,8,99.0,80.0,property_damage,0.0,0,0.0,0.0,0.0,SIDESWIPE-SAME,SIDESWIPE-SAME,36.177053,-95.86908023,2019,2019-05-21,12.35,2,0,N,       ,N,N,0,Rain,Daylight,2.0,16.0,0,No Roadway Departure,0,Y,0.0,D,2.0,19.0,F,Y,1.0,Apparently Normal,4.0,0,1,0,Changed Lanes Unsafely,Changed Lanes Unsafely,0,0,0,0,0,0,1,0,0,0,0,0,0,0,0,0,0,0,0,0,0,0,0,0,0,0,0,0,0,0,0,0,0,0,1,0,0
300415420,Tulsa,tulsa,,City Street,7,0.0,0.0,possible_injury,0.0,0,0.0,0.0,1.0,F-O UTIL-POLE,FIXED-OBJECT,36.16631959,-95.8867528,2019,2019-05-26,4.0,1,0,N,       ,N,N,0,Rain,Dark / Lighted,2.0,19.0,0,Roadway Departure Right,0,N,0.0,D,4.0,24.0,M,Y,2.0,Apparently Normal,4.0,0,0,0,Unsafe Speed,For Traffic Conditions,0,0,0,0,0,0,0,0,0,0,0,0,0,0,0,0,0,0,0,0,0,0,0,0,0,0,0,0,0,0,0,1,0,0,1,0,0
300415500,Washington,northern,,County Road,0,99.0,80.0,property_damage,0.0,0,0.0,0.0,0.0,OTHER,OTHER,36.6846,-95.9533,2019,2019-05-24,22.13,1,0,N,       ,N,N,0,Rain,Dark / Unlighted,2.0,33.0,0,No Roadway Departure,0,N,0.0,D,20.0,49.0,M,Y,1.0,Apparently Normal,4.0,0,0,0,Object/Debris in Roadway,Object/Debris in Roadway,0,0,0,0,0,0,0,0,0,0,0,0,0,0,0,0,0,0,0,0,0,0,0,0,0,0,0,1,0,0,0,0,0,0,1,1,0
300415580,Tulsa,northern,US-75,US Route,0,21.0,0.0,possible_injury,0.0,0,0.0,0.0,2.0,RIGHT-ANGLE,RIGHT-ANGLE,36.2788564,-95.9237516,2019,2019-04-30,11.35,2,0,N,       ,N,N,0,Rain,Daylight,2.0,1.0,0,No Roadway Departure,0,N,0.0,D,4.0,26.0,M,Y,1.0,Apparently Normal,4.0,0,0,0,Failed to Yield,From Stop Sign,0,0,0,0,0,0,0,0,0,0,0,0,0,0,0,1,0,0,0,0,0,0,0,0,0,0,0,0,0,0,0,0,0,0,1,0,0
300415586,Tulsa,northern,US-75,US Route,1,0.0,0.0,possible_injury,0.0,0,0.0,0.0,1.0,F-O GROUND,FIXED-OBJECT,36.42360385,-95.92034303,2019,2019-05-14,8.17,1,0,N,       ,N,N,0,Rain,Daylight,2.0,20.0,0,Roadway Departure Right,0,N,0.0,D,2.0,27.0,M,Y,2.0,Apparently Normal,4.0,0,0,0,Inattention,Other Distraction Inside Vehicle,0,0,0,0,0,0,0,0,0,0,0,0,0,0,0,0,0,0,0,0,0,0,0,0,1,0,0,0,0,0,0,0,0,0,1,0,0
300415857,Craig,northern,I-44,Turnpike Interstate,0,0.0,0.0,property_damage,0.0,0,0.0,0.0,0.0,REAR-END,REAR-END,36.6202612,-95.1553188,2019,2019-05-18,13.33,2,1,N,       ,N,N,0,Rain,Daylight,2.0,3.0,0,No Roadway Departure,0,N,0.0,D,21.0,23.0,M,Y,1.0,Apparently Normal,4.0,0,0,0,Unsafe Speed,Rain or Wet Roadway,0,0,0,0,0,0,0,0,0,0,0,0,0,0,0,0,0,0,0,0,0,0,0,0,0,0,0,0,0,0,0,1,0,0,1,0,0
300415869,Ottawa,northern,I-44,Turnpike Interstate,0,72.0,0.0,property_damage,0.0,0,0.0,0.0,0.0,REAR-END,REAR-END,36.7165587,-94.9512537,2019,2019-05-18,13.38,2,2,N,       ,N,N,0,Rain,Daylight,2.0,3.0,0,No Roadway Departure,0,N,0.0,D,10.0,68.0,M,Y,1.0,Apparently Normal,4.0,1,0,0,Unsafe Speed,Rain or Wet Roadway,0,0,0,0,0,0,0,0,0,0,0,0,0,0,0,0,0,0,0,0,0,0,0,0,0,0,0,0,0,0,0,1,0,0,1,0,0
300415875,Rogers,northern,US-412,US Route,0,0.0,0.0,possible_injury,0.0,0,0.0,0.0,1.0,F-O BARR-CONCRETE,FIXED-OBJECT,36.1702858,-95.5889439,2019,2019-05-21,7.11,1,0,N,       ,N,N,0,Rain,Dawn,2.0,19.0,0,Roadway Departure Left,0,N,0.0,D,2.0,64.0,M,Y,2.0,Apparently Normal,4.0,0,0,0,Unsafe Speed,Rain or Wet Roadway,0,0,0,0,0,0,0,0,0,0,0,0,0,0,0,0,0,0,0,0,0,0,0,0,0,0,0,0,0,0,0,1,0,0,1,1,0
300415923,Sequoyah,southern,I-40,Interstate,0,0.0,0.0,property_damage,0.0,0,0.0,0.0,0.0,F-O BARR-CONCRETE,FIXED-OBJECT,35.4887609,-95.0915575,2019,2019-05-29,12.41,3,0,N,       ,N,N,0,Rain,Daylight,2.0,19.0,0,Roadway Departure Left,0,N,0.0,D,2.0,18.0,F,Y,1.0,Apparently Normal,4.0,0,1,0,Unsafe Speed,Rain or Wet Roadway,0,0,0,0,0,0,0,0,0,0,0,0,0,0,0,0,0,0,0,0,0,0,0,0,0,0,0,0,0,0,0,1,0,0,1,0,0
300415996,Muskogee,southern,MUSTPK,Turnpike,0,17.0,0.0,property_damage,0.0,0,0.0,0.0,0.0,F-O OTHER,FIXED-OBJECT,35.6626693,-95.3086156,2019,2019-05-01,21.35,1,1,N,       ,N,N,0,Rain,Dark / Lighted,2.0,33.0,0,Fixed Object,0,N,0.0,D,8.0,48.0,M,Y,1.0,Apparently Normal,4.0,0,0,0,Disregarded Warning Signal,Disregarded Warning Signal,0,0,0,0,0,0,0,0,0,1,0,0,0,0,0,0,0,0,0,0,0,0,0,0,0,0,0,0,0,0,0,0,0,0,1,0,0
300416013,Tulsa,tulsa,SH-11,State Highway,0,0.0,0.0,incapacitating_injury,1.0,0,1.0,0.0,0.0,F-O UTIL-POLE,FIXED-OBJECT,36.16173136,-95.88123152,2019,2019-05-18,9.43,1,0,N,       ,N,N,0,Rain,Other,2.0,20.0,0,Roadway Departure Right,0,N,0.0,D,2.0,53.0,M,Y,4.0,Unknown,99.0,0,0,0,Object/Debris in Roadway,Object/Debris in Roadway,0,0,0,0,0,0,0,0,0,0,0,0,0,0,0,0,0,0,0,0,0,0,0,0,0,0,0,1,0,0,0,0,0,0,1,0,0